Ward,Region,Latitude,Longitude,06-01-tif,06-02-tif,06-03-tif,06-04-tif,06-05-tif,06-06-tif,06-07-tif,06-08-tif,06-09-tif,06-10-tif,06-11-tif,06-12-tif,06-13-tif,06-14-tif,06-15-tif,06-16-tif,06-17-tif,06-18-tif,06-19-tif,06-20-tif,06-21-tif,06-22-tif,06-23-tif,06-24-tif,06-25-tif,06-26-tif,06-27-tif,06-28-tif,06-29-tif,06-30-tif,07-01-tif,07-02-tif,07-03-tif,07-04-tif,07-05-tif,07-06-tif,07-07-tif,07-08-tif,07-09-tif,07-10-tif,07-11-tif,07-12-tif,07-13-tif,07-14-tif,07-15-tif,07-16-tif,07-17-tif,07-18-tif,07-19-tif,07-20-tif,07-21-tif,07-22-tif,07-23-tif,07-24-tif,07-25-tif,07-26-tif,07-27-tif,07-28-tif,07-29-tif,07-30-tif,07-31-tif,08-01-tif,08-02-tif,08-03-tif,08-04-tif,08-05-tif,08-06-tif,08-07-tif,08-08-tif,08-09-tif,08-10-tif,08-11-tif,08-12-tif,08-13-tif,08-14-tif,08-15-tif,08-16-tif,08-17-tif,08-18-tif,08-19-tif,08-20-tif,08-21-tif,08-22-tif,08-23-tif,08-24-tif,08-25-tif,08-26-tif,08-27-tif,08-28-tif,08-29-tif,08-30-tif,08-31-tif,09-01-tif,09-02-tif,09-03-tif,09-04-tif,09-05-tif,09-06-tif,09-07-tif,09-08-tif,09-09-tif,09-10-tif,09-11-tif,09-12-tif,09-13-tif,09-14-tif,09-15-tif,09-16-tif,09-17-tif,09-18-tif,09-19-tif,09-20-tif,09-21-tif,09-22-tif,09-23-tif,09-24-tif,09-25-tif,09-26-tif,09-27-tif,09-28-tif,09-29-tif,09-30-tif
A,Colaba Causeway,18.9153,72.8126,0.0,0.0,0.0,6.610472,0.0,0.0,0.0,0.0,0.0,0.0,0.0,0.0,0.0,0.0,0.0,0.0,0.0,0.0,0.0,0.0,0.0,0.0,0.0,84.2741,0.0,83.7106,0.0,83.7106,167.4212,41.8553,102.62027,0.0,0.0,102.62027,102.62027,0.0,120.61743,0.0,0.0,0.0,0.0,53.67487,0.0,107.34974,0.0,0.0,0.0,0.0,339.2673,0.0,0.0,104.92456,0.0,0.0,157.38686,143.63202,215.44803,0.0,0.0,0.0,0.0,0.0,7.9793267,0.0,0.0,0.0,0.0,0.0,0.0,7.9891987,8.119713,7.631349,7.6202626,0.0,0.0,0.0,0.0,0.0,0.0,11.608275,0.0,0.0,0.0,0.0,10.1118965,9.995894,16.118979,10.341708,11.971066,0.0,0.0,0.0,0.0,31.219948,0.0,0.0,0.0,0.0,74.19847,74.19847,0.0,0.0,0.0,0.0,0.0,0.0,12.446458,33.529606,0.0,0.0,0.0,0.0,62.92721,0.0,41.951473,0.0,0.0,40.95121,0.0,40.95121,20.475605,40.95121
A,Ballard Estate,18.9482,72.8359,0.0,0.0,0.0,6.610472,0.0,0.0,0.0,0.0,0.0,0.0,0.0,0.0,0.0,0.0,0.0,0.0,0.0,0.0,0.0,0.0,0.0,0.0,0.0,84.2741,0.0,83.7106,0.0,83.7106,167.4212,41.8553,102.62027,0.0,0.0,102.62027,102.62027,0.0,120.61743,0.0,0.0,0.0,0.0,53.67487,0.0,107.34974,0.0,0.0,0.0,0.0,339.2673,0.0,0.0,104.92456,0.0,0.0,157.38686,143.63202,215.44803,0.0,0.0,0.0,0.0,0.0,7.9793267,0.0,0.0,0.0,0.0,0.0,0.0,7.9891987,8.119713,7.631349,7.6202626,0.0,0.0,0.0,0.0,0.0,0.0,11.608275,0.0,0.0,0.0,0.0,10.1118965,9.995894,16.118979,10.341708,11.971066,0.0,0.0,0.0,0.0,31.219948,0.0,0.0,0.0,0.0,74.19847,74.19847,0.0,0.0,0.0,0.0,0.0,0.0,12.446458,33.529606,0.0,0.0,0.0,0.0,62.92721,0.0,41.951473,0.0,0.0,40.95121,0.0,40.95121,20.475605,40.95121
A,Regal Circle,18.9222,72.8324,0.0,0.0,0.0,6.610472,0.0,0.0,0.0,0.0,0.0,0.0,0.0,0.0,0.0,0.0,0.0,0.0,0.0,0.0,0.0,0.0,0.0,0.0,0.0,84.2741,0.0,83.7106,0.0,83.7106,167.4212,41.8553,102.62027,0.0,0.0,102.62027,102.62027,0.0,120.61743,0.0,0.0,0.0,0.0,53.67487,0.0,107.34974,0.0,0.0,0.0,0.0,339.2673,0.0,0.0,104.92456,0.0,0.0,157.38686,143.63202,215.44803,0.0,0.0,0.0,0.0,0.0,7.9793267,0.0,0.0,0.0,0.0,0.0,0.0,7.9891987,8.119713,7.631349,7.6202626,0.0,0.0,0.0,0.0,0.0,0.0,11.608275,0.0,0.0,0.0,0.0,10.1118965,9.995894,16.118979,10.341708,11.971066,0.0,0.0,0.0,0.0,31.219948,0.0,0.0,0.0,0.0,74.19847,74.19847,0.0,0.0,0.0,0.0,0.0,0.0,12.446458,33.529606,0.0,0.0,0.0,0.0,62.92721,0.0,41.951473,0.0,0.0,40.95121,0.0,40.95121,20.475605,40.95121
A,Metro Cinema Subway,18.9493,72.8276,0.0,0.0,0.0,6.610472,0.0,0.0,0.0,0.0,0.0,0.0,0.0,0.0,0.0,0.0,0.0,0.0,0.0,0.0,0.0,0.0,0.0,0.0,0.0,84.2741,0.0,83.7106,0.0,83.7106,167.4212,41.8553,102.62027,0.0,0.0,102.62027,102.62027,0.0,120.61743,0.0,0.0,0.0,0.0,53.67487,0.0,107.34974,0.0,0.0,0.0,0.0,339.2673,0.0,0.0,104.92456,0.0,0.0,157.38686,143.63202,215.44803,0.0,0.0,0.0,0.0,0.0,7.9793267,0.0,0.0,0.0,0.0,0.0,0.0,7.9891987,8.119713,7.631349,7.6202626,0.0,0.0,0.0,0.0,0.0,0.0,11.608275,0.0,0.0,0.0,0.0,10.1118965,9.995894,16.118979,10.341708,11.971066,0.0,0.0,0.0,0.0,31.219948,0.0,0.0,0.0,0.0,74.19847,74.19847,0.0,0.0,0.0,0.0,0.0,0.0,12.446458,33.529606,0.0,0.0,0.0,0.0,62.92721,0.0,41.951473,0.0,0.0,40.95121,0.0,40.95121,20.475605,40.95121
B,Dongri Circle,18.9549,72.8356,0.0,0.0,0.0,0.0,0.0,0.0,0.0,0.0,0.0,0.0,0.0,16.982706,0.0,0.0,0.0,0.0,0.0,0.0,0.0,0.0,0.0,0.0,0.0,92.55327,0.0,105.280464,35.09349,35.09349,140.37396,35.09349,113.154884,0.0,0.0,75.43659,75.43659,0.0,155.0556,0.0,0.0,0.0,0.0,80.65621,0.0,80.65621,0.0,0.0,0.0,65.90137,263.60547,0.0,49.451168,98.902336,0.0,0.0,148.3535,91.61294,274.83884,0.0,0.0,0.0,0.0,0.0,8.293731,0.0,0.0,0.0,0.0,0.0,0.0,8.344841,8.523853,8.221117,8.040013,0.0,0.0,0.0,0.0,0.0,0.0,12.342109,0.0,0.0,0.0,0.0,10.803478,10.666036,17.289675,11.050569,12.403123,0.0,0.0,0.0,0.0,30.671478,0.0,0.0,0.0,0.0,74.00464,74.00464,0.0,0.0,0.0,0.0,0.0,0.0,18.460697,30.001684,0.0,0.0,0.0,0.0,57.75524,0.0,57.75524,0.0,0.0,45.826675,0.0,45.826675,22.913338,45.826675
B,P D’Mello Road,18.9531,72.8445,0.0,0.0,0.0,0.0,0.0,0.0,0.0,0.0,0.0,0.0,0.0,16.982706,0.0,0.0,0.0,0.0,0.0,0.0,0.0,0.0,0.0,0.0,0.0,92.55327,0.0,105.280464,35.09349,35.09349,140.37396,35.09349,113.154884,0.0,0.0,75.43659,75.43659,0.0,155.0556,0.0,0.0,0.0,0.0,80.65621,0.0,80.65621,0.0,0.0,0.0,65.90137,263.60547,0.0,49.451168,98.902336,0.0,0.0,148.3535,91.61294,274.83884,0.0,0.0,0.0,0.0,0.0,8.293731,0.0,0.0,0.0,0.0,0.0,0.0,8.344841,8.523853,8.221117,8.040013,0.0,0.0,0.0,0.0,0.0,0.0,12.342109,0.0,0.0,0.0,0.0,10.803478,10.666036,17.289675,11.050569,12.403123,0.0,0.0,0.0,0.0,30.671478,0.0,0.0,0.0,0.0,74.00464,74.00464,0.0,0.0,0.0,0.0,0.0,0.0,18.460697,30.001684,0.0,0.0,0.0,0.0,57.75524,0.0,57.75524,0.0,0.0,45.826675,0.0,45.826675,22.913338,45.826675
B,Carnac Bunder underpass,18.9513,72.8365,0.0,0.0,0.0,0.0,0.0,0.0,0.0,0.0,0.0,0.0,0.0,16.982706,0.0,0.0,0.0,0.0,0.0,0.0,0.0,0.0,0.0,0.0,0.0,92.55327,0.0,105.280464,35.09349,35.09349,140.37396,35.09349,113.154884,0.0,0.0,75.43659,75.43659,0.0,155.0556,0.0,0.0,0.0,0.0,80.65621,0.0,80.65621,0.0,0.0,0.0,65.90137,263.60547,0.0,49.451168,98.902336,0.0,0.0,148.3535,91.61294,274.83884,0.0,0.0,0.0,0.0,0.0,8.293731,0.0,0.0,0.0,0.0,0.0,0.0,8.344841,8.523853,8.221117,8.040013,0.0,0.0,0.0,0.0,0.0,0.0,12.342109,0.0,0.0,0.0,0.0,10.803478,10.666036,17.289675,11.050569,12.403123,0.0,0.0,0.0,0.0,30.671478,0.0,0.0,0.0,0.0,74.00464,74.00464,0.0,0.0,0.0,0.0,0.0,0.0,18.460697,30.001684,0.0,0.0,0.0,0.0,57.75524,0.0,57.75524,0.0,0.0,45.826675,0.0,45.826675,22.913338,45.826675
C,Marine Lines Subway,18.9498,72.8251,0.0,0.0,0.0,6.610472,0.0,0.0,0.0,0.0,0.0,0.0,0.0,0.0,0.0,0.0,0.0,0.0,0.0,0.0,0.0,0.0,0.0,0.0,0.0,84.2741,0.0,83.7106,0.0,83.7106,167.4212,41.8553,102.62027,0.0,0.0,102.62027,102.62027,0.0,120.61743,0.0,0.0,0.0,0.0,53.67487,0.0,107.34974,0.0,0.0,0.0,0.0,339.2673,0.0,0.0,104.92456,0.0,0.0,157.38686,143.63202,215.44803,0.0,0.0,0.0,0.0,0.0,7.9793267,0.0,0.0,0.0,0.0,0.0,0.0,7.9891987,8.119713,7.631349,7.6202626,0.0,0.0,0.0,0.0,0.0,0.0,11.608275,0.0,0.0,0.0,0.0,10.1118965,9.995894,16.118979,10.341708,11.971066,0.0,0.0,0.0,0.0,31.219948,0.0,0.0,0.0,0.0,74.19847,74.19847,0.0,0.0,0.0,0.0,0.0,0.0,12.446458,33.529606,0.0,0.0,0.0,0.0,62.92721,0.0,41.951473,0.0,0.0,40.95121,0.0,40.95121,20.475605,40.95121
C,CST Subway,18.9477,72.8353,0.0,0.0,0.0,6.610472,0.0,0.0,0.0,0.0,0.0,0.0,0.0,0.0,0.0,0.0,0.0,0.0,0.0,0.0,0.0,0.0,0.0,0.0,0.0,84.2741,0.0,83.7106,0.0,83.7106,167.4212,41.8553,102.62027,0.0,0.0,102.62027,102.62027,0.0,120.61743,0.0,0.0,0.0,0.0,53.67487,0.0,107.34974,0.0,0.0,0.0,0.0,339.2673,0.0,0.0,104.92456,0.0,0.0,157.38686,143.63202,215.44803,0.0,0.0,0.0,0.0,0.0,7.9793267,0.0,0.0,0.0,0.0,0.0,0.0,7.9891987,8.119713,7.631349,7.6202626,0.0,0.0,0.0,0.0,0.0,0.0,11.608275,0.0,0.0,0.0,0.0,10.1118965,9.995894,16.118979,10.341708,11.971066,0.0,0.0,0.0,0.0,31.219948,0.0,0.0,0.0,0.0,74.19847,74.19847,0.0,0.0,0.0,0.0,0.0,0.0,12.446458,33.529606,0.0,0.0,0.0,0.0,62.92721,0.0,41.951473,0.0,0.0,40.95121,0.0,40.95121,20.475605,40.95121
C,Princess Street corner,18.9519,72.8268,0.0,0.0,0.0,0.0,0.0,0.0,0.0,0.0,0.0,0.0,0.0,16.982706,0.0,0.0,0.0,0.0,0.0,0.0,0.0,0.0,0.0,0.0,0.0,92.55327,0.0,105.280464,35.09349,35.09349,140.37396,35.09349,113.154884,0.0,0.0,75.43659,75.43659,0.0,155.0556,0.0,0.0,0.0,0.0,80.65621,0.0,80.65621,0.0,0.0,0.0,65.90137,263.60547,0.0,49.451168,98.902336,0.0,0.0,148.3535,91.61294,274.83884,0.0,0.0,0.0,0.0,0.0,8.293731,0.0,0.0,0.0,0.0,0.0,0.0,8.344841,8.523853,8.221117,8.040013,0.0,0.0,0.0,0.0,0.0,0.0,12.342109,0.0,0.0,0.0,0.0,10.803478,10.666036,17.289675,11.050569,12.403123,0.0,0.0,0.0,0.0,30.671478,0.0,0.0,0.0,0.0,74.00464,74.00464,0.0,0.0,0.0,0.0,0.0,0.0,18.460697,30.001684,0.0,0.0,0.0,0.0,57.75524,0.0,57.75524,0.0,0.0,45.826675,0.0,45.826675,22.913338,45.826675
E,Nair Hospital Junction,18.9751,72.8297,0.0,0.0,0.0,0.0,0.0,0.0,0.0,0.0,0.0,0.0,0.0,16.982706,0.0,0.0,0.0,0.0,0.0,0.0,0.0,0.0,0.0,0.0,0.0,92.55327,0.0,105.280464,35.09349,35.09349,140.37396,35.09349,113.154884,0.0,0.0,75.43659,75.43659,0.0,155.0556,0.0,0.0,0.0,0.0,80.65621,0.0,80.65621,0.0,0.0,0.0,65.90137,263.60547,0.0,49.451168,98.902336,0.0,0.0,148.3535,91.61294,274.83884,0.0,0.0,0.0,0.0,0.0,8.293731,0.0,0.0,0.0,0.0,0.0,0.0,8.344841,8.523853,8.221117,8.040013,0.0,0.0,0.0,0.0,0.0,0.0,12.342109,0.0,0.0,0.0,0.0,10.803478,10.666036,17.289675,11.050569,12.403123,0.0,0.0,0.0,0.0,30.671478,0.0,0.0,0.0,0.0,74.00464,74.00464,0.0,0.0,0.0,0.0,0.0,0.0,18.460697,30.001684,0.0,0.0,0.0,0.0,57.75524,0.0,57.75524,0.0,0.0,45.826675,0.0,45.826675,22.913338,45.826675
E,Saat Rasta Junction,18.9741,72.8254,0.0,0.0,0.0,0.0,0.0,0.0,0.0,0.0,0.0,0.0,0.0,16.982706,0.0,0.0,0.0,0.0,0.0,0.0,0.0,0.0,0.0,0.0,0.0,92.55327,0.0,105.280464,35.09349,35.09349,140.37396,35.09349,113.154884,0.0,0.0,75.43659,75.43659,0.0,155.0556,0.0,0.0,0.0,0.0,80.65621,0.0,80.65621,0.0,0.0,0.0,65.90137,263.60547,0.0,49.451168,98.902336,0.0,0.0,148.3535,91.61294,274.83884,0.0,0.0,0.0,0.0,0.0,8.293731,0.0,0.0,0.0,0.0,0.0,0.0,8.344841,8.523853,8.221117,8.040013,0.0,0.0,0.0,0.0,0.0,0.0,12.342109,0.0,0.0,0.0,0.0,10.803478,10.666036,17.289675,11.050569,12.403123,0.0,0.0,0.0,0.0,30.671478,0.0,0.0,0.0,0.0,74.00464,74.00464,0.0,0.0,0.0,0.0,0.0,0.0,18.460697,30.001684,0.0,0.0,0.0,0.0,57.75524,0.0,57.75524,0.0,0.0,45.826675,0.0,45.826675,22.913338,45.826675
E,Dockyard Road,18.9742,72.8443,0.0,0.0,0.0,0.0,0.0,0.0,0.0,0.0,0.0,0.0,0.0,16.982706,0.0,0.0,0.0,0.0,0.0,0.0,0.0,0.0,0.0,0.0,0.0,92.55327,0.0,105.280464,35.09349,35.09349,140.37396,35.09349,113.154884,0.0,0.0,75.43659,75.43659,0.0,155.0556,0.0,0.0,0.0,0.0,80.65621,0.0,80.65621,0.0,0.0,0.0,65.90137,263.60547,0.0,49.451168,98.902336,0.0,0.0,148.3535,91.61294,274.83884,0.0,0.0,0.0,0.0,0.0,8.293731,0.0,0.0,0.0,0.0,0.0,0.0,8.344841,8.523853,8.221117,8.040013,0.0,0.0,0.0,0.0,0.0,0.0,12.342109,0.0,0.0,0.0,0.0,10.803478,10.666036,17.289675,11.050569,12.403123,0.0,0.0,0.0,0.0,30.671478,0.0,0.0,0.0,0.0,74.00464,74.00464,0.0,0.0,0.0,0.0,0.0,0.0,18.460697,30.001684,0.0,0.0,0.0,0.0,57.75524,0.0,57.75524,0.0,0.0,45.826675,0.0,45.826675,22.913338,45.826675
F/N,King’s Circle,19.0277,72.8517,0.0,0.0,0.0,0.0,0.0,0.0,0.0,0.0,0.0,0.0,0.0,0.0,0.0,0.0,0.0,0.0,0.0,0.0,0.0,0.0,0.0,0.0,0.0,80.24858,0.0,124.5557,62.27785,62.27785,124.5557,31.138926,108.30148,72.20099,0.0,72.20099,72.20099,0.0,0.0,0.0,0.0,0.0,0.0,161.24161,0.0,0.0,0.0,0.0,0.0,57.2117,228.8468,57.2117,64.196106,128.39221,0.0,0.0,128.39221,86.66875,346.675,0.0,0.0,0.0,0.0,0.0,7.2156157,0.0,0.0,0.0,0.0,0.0,0.0,7.3327446,7.512781,7.348742,7.250296,0.0,0.0,0.0,12.766578,0.0,12.989579,22.051987,14.342866,0.0,0.0,0.0,9.720178,9.306028,15.324894,9.834549,10.713787,0.0,0.0,0.0,0.0,28.910559,0.0,0.0,0.0,0.0,73.07832,97.43776,0.0,0.0,0.0,0.0,0.0,0.0,21.775932,14.353926,14.353926,0.0,0.0,0.0,70.22078,0.0,70.22078,0.0,0.0,34.214188,17.107094,34.214188,51.32128,34.214188
F/N,Sion Circle,19.0352,72.8642,0.0,0.0,0.0,0.0,0.0,0.0,0.0,0.0,0.0,0.0,0.0,0.0,0.0,0.0,0.0,0.0,0.0,0.0,0.0,0.0,0.0,0.0,0.0,80.24858,0.0,124.5557,62.27785,62.27785,124.5557,31.138926,108.30148,72.20099,0.0,72.20099,72.20099,0.0,0.0,0.0,0.0,0.0,0.0,161.24161,0.0,0.0,0.0,0.0,0.0,57.2117,228.8468,57.2117,64.196106,128.39221,0.0,0.0,128.39221,86.66875,346.675,0.0,0.0,0.0,0.0,0.0,7.2156157,0.0,0.0,0.0,0.0,0.0,0.0,7.3327446,7.512781,7.348742,7.250296,0.0,0.0,0.0,12.766578,0.0,12.989579,22.051987,14.342866,0.0,0.0,0.0,9.720178,9.306028,15.324894,9.834549,10.713787,0.0,0.0,0.0,0.0,28.910559,0.0,0.0,0.0,0.0,73.07832,97.43776,0.0,0.0,0.0,0.0,0.0,0.0,21.775932,14.353926,14.353926,0.0,0.0,0.0,70.22078,0.0,70.22078,0.0,0.0,34.214188,17.107094,34.214188,51.32128,34.214188
F/N,Gandhi Market,19.0257,72.8609,0.0,0.0,0.0,0.0,0.0,0.0,0.0,0.0,0.0,0.0,0.0,0.0,0.0,0.0,0.0,0.0,0.0,0.0,0.0,0.0,0.0,0.0,0.0,80.24858,0.0,124.5557,62.27785,62.27785,124.5557,31.138926,108.30148,72.20099,0.0,72.20099,72.20099,0.0,0.0,0.0,0.0,0.0,0.0,161.24161,0.0,0.0,0.0,0.0,0.0,57.2117,228.8468,57.2117,64.196106,128.39221,0.0,0.0,128.39221,86.66875,346.675,0.0,0.0,0.0,0.0,0.0,7.2156157,0.0,0.0,0.0,0.0,0.0,0.0,7.3327446,7.512781,7.348742,7.250296,0.0,0.0,0.0,12.766578,0.0,12.989579,22.051987,14.342866,0.0,0.0,0.0,9.720178,9.306028,15.324894,9.834549,10.713787,0.0,0.0,0.0,0.0,28.910559,0.0,0.0,0.0,0.0,73.07832,97.43776,0.0,0.0,0.0,0.0,0.0,0.0,21.775932,14.353926,14.353926,0.0,0.0,0.0,70.22078,0.0,70.22078,0.0,0.0,34.214188,17.107094,34.214188,51.32128,34.214188
F/N,Five Gardens,19.0237,72.8502,0.0,0.0,0.0,0.0,0.0,0.0,0.0,0.0,0.0,0.0,0.0,0.0,0.0,0.0,0.0,0.0,0.0,0.0,0.0,0.0,0.0,0.0,0.0,80.24858,0.0,124.5557,62.27785,62.27785,124.5557,31.138926,108.30148,72.20099,0.0,72.20099,72.20099,0.0,0.0,0.0,0.0,0.0,0.0,161.24161,0.0,0.0,0.0,0.0,0.0,57.2117,228.8468,57.2117,64.196106,128.39221,0.0,0.0,128.39221,86.66875,346.675,0.0,0.0,0.0,0.0,0.0,7.2156157,0.0,0.0,0.0,0.0,0.0,0.0,7.3327446,7.512781,7.348742,7.250296,0.0,0.0,0.0,12.766578,0.0,12.989579,22.051987,14.342866,0.0,0.0,0.0,9.720178,9.306028,15.324894,9.834549,10.713787,0.0,0.0,0.0,0.0,28.910559,0.0,0.0,0.0,0.0,73.07832,97.43776,0.0,0.0,0.0,0.0,0.0,0.0,21.775932,14.353926,14.353926,0.0,0.0,0.0,70.22078,0.0,70.22078,0.0,0.0,34.214188,17.107094,34.214188,51.32128,34.214188
F/N,Hindmata Junction,19.0062,72.8405,0.0,0.0,0.0,0.0,0.0,0.0,0.0,0.0,0.0,0.0,0.0,0.0,0.0,0.0,0.0,0.0,0.0,0.0,0.0,0.0,0.0,0.0,0.0,60.503555,0.0,92.06128,46.03064,92.06128,92.06128,46.03064,87.757965,58.505314,0.0,58.505314,58.505314,0.0,166.26292,0.0,0.0,0.0,0.0,0.0,0.0,156.17036,0.0,0.0,0.0,65.75378,197.26134,65.75378,58.11161,116.22322,0.0,0.0,116.22322,71.57168,286.2867,0.0,0.0,0.0,0.0,0.0,0.0,0.0,0.0,0.0,0.0,0.0,7.455305,11.240248,11.549883,7.348367,0.0,0.0,0.0,0.0,9.602928,0.0,9.749307,16.972431,10.759932,0.0,0.0,0.0,9.500675,9.375703,15.291977,9.739914,10.583102,0.0,0.0,0.0,0.0,28.47278,0.0,0.0,0.0,0.0,80.35571,80.35571,0.0,0.0,0.0,0.0,0.0,0.0,21.966059,24.157652,0.0,0.0,0.0,0.0,72.39106,0.0,72.39106,0.0,0.0,47.717823,0.0,47.717823,23.858912,47.717823
F/S,Hindmata Junction,19.0132,72.8316,0.0,0.0,0.0,0.0,0.0,0.0,0.0,0.0,0.0,0.0,0.0,0.0,0.0,0.0,0.0,0.0,0.0,0.0,0.0,0.0,0.0,0.0,0.0,60.503555,0.0,92.06128,46.03064,92.06128,92.06128,46.03064,87.757965,58.505314,0.0,58.505314,58.505314,0.0,166.26292,0.0,0.0,0.0,0.0,0.0,0.0,156.17036,0.0,0.0,0.0,65.75378,197.26134,65.75378,58.11161,116.22322,0.0,0.0,116.22322,71.57168,286.2867,0.0,0.0,0.0,0.0,0.0,0.0,0.0,0.0,0.0,0.0,0.0,7.455305,11.240248,11.549883,7.348367,0.0,0.0,0.0,0.0,9.602928,0.0,9.749307,16.972431,10.759932,0.0,0.0,0.0,9.500675,9.375703,15.291977,9.739914,10.583102,0.0,0.0,0.0,0.0,28.47278,0.0,0.0,0.0,0.0,80.35571,80.35571,0.0,0.0,0.0,0.0,0.0,0.0,21.966059,24.157652,0.0,0.0,0.0,0.0,72.39106,0.0,72.39106,0.0,0.0,47.717823,0.0,47.717823,23.858912,47.717823
F/S,Naigaon Cross Road,19.0172,72.8386,0.0,0.0,0.0,0.0,0.0,0.0,0.0,0.0,0.0,0.0,0.0,0.0,0.0,0.0,0.0,0.0,0.0,0.0,0.0,0.0,0.0,0.0,0.0,60.503555,0.0,92.06128,46.03064,92.06128,92.06128,46.03064,87.757965,58.505314,0.0,58.505314,58.505314,0.0,166.26292,0.0,0.0,0.0,0.0,0.0,0.0,156.17036,0.0,0.0,0.0,65.75378,197.26134,65.75378,58.11161,116.22322,0.0,0.0,116.22322,71.57168,286.2867,0.0,0.0,0.0,0.0,0.0,0.0,0.0,0.0,0.0,0.0,0.0,7.455305,11.240248,11.549883,7.348367,0.0,0.0,0.0,0.0,9.602928,0.0,9.749307,16.972431,10.759932,0.0,0.0,0.0,9.500675,9.375703,15.291977,9.739914,10.583102,0.0,0.0,0.0,0.0,28.47278,0.0,0.0,0.0,0.0,80.35571,80.35571,0.0,0.0,0.0,0.0,0.0,0.0,21.966059,24.157652,0.0,0.0,0.0,0.0,72.39106,0.0,72.39106,0.0,0.0,47.717823,0.0,47.717823,23.858912,47.717823
F/S,Jerbai Wadia Road,19.0146,72.8367,0.0,0.0,0.0,0.0,0.0,0.0,0.0,0.0,0.0,0.0,0.0,0.0,0.0,0.0,0.0,0.0,0.0,0.0,0.0,0.0,0.0,0.0,0.0,60.503555,0.0,92.06128,46.03064,92.06128,92.06128,46.03064,87.757965,58.505314,0.0,58.505314,58.505314,0.0,166.26292,0.0,0.0,0.0,0.0,0.0,0.0,156.17036,0.0,0.0,0.0,65.75378,197.26134,65.75378,58.11161,116.22322,0.0,0.0,116.22322,71.57168,286.2867,0.0,0.0,0.0,0.0,0.0,0.0,0.0,0.0,0.0,0.0,0.0,7.455305,11.240248,11.549883,7.348367,0.0,0.0,0.0,0.0,9.602928,0.0,9.749307,16.972431,10.759932,0.0,0.0,0.0,9.500675,9.375703,15.291977,9.739914,10.583102,0.0,0.0,0.0,0.0,28.47278,0.0,0.0,0.0,0.0,80.35571,80.35571,0.0,0.0,0.0,0.0,0.0,0.0,21.966059,24.157652,0.0,0.0,0.0,0.0,72.39106,0.0,72.39106,0.0,0.0,47.717823,0.0,47.717823,23.858912,47.717823
G/N,Dadar TT Circle,19.0185,72.8422,0.0,0.0,0.0,0.0,0.0,0.0,0.0,0.0,0.0,0.0,0.0,0.0,0.0,0.0,0.0,0.0,0.0,0.0,0.0,0.0,0.0,0.0,0.0,60.503555,0.0,92.06128,46.03064,92.06128,92.06128,46.03064,87.757965,58.505314,0.0,58.505314,58.505314,0.0,166.26292,0.0,0.0,0.0,0.0,0.0,0.0,156.17036,0.0,0.0,0.0,65.75378,197.26134,65.75378,58.11161,116.22322,0.0,0.0,116.22322,71.57168,286.2867,0.0,0.0,0.0,0.0,0.0,0.0,0.0,0.0,0.0,0.0,0.0,7.455305,11.240248,11.549883,7.348367,0.0,0.0,0.0,0.0,9.602928,0.0,9.749307,16.972431,10.759932,0.0,0.0,0.0,9.500675,9.375703,15.291977,9.739914,10.583102,0.0,0.0,0.0,0.0,28.47278,0.0,0.0,0.0,0.0,80.35571,80.35571,0.0,0.0,0.0,0.0,0.0,0.0,21.966059,24.157652,0.0,0.0,0.0,0.0,72.39106,0.0,72.39106,0.0,0.0,47.717823,0.0,47.717823,23.858912,47.717823
G/N,LJ Road Junction,19.0337,72.8386,0.0,0.0,0.0,0.0,0.0,0.0,0.0,0.0,0.0,0.0,0.0,0.0,0.0,0.0,0.0,0.0,0.0,0.0,0.0,0.0,0.0,0.0,0.0,60.503555,0.0,92.06128,46.03064,92.06128,92.06128,46.03064,87.757965,58.505314,0.0,58.505314,58.505314,0.0,166.26292,0.0,0.0,0.0,0.0,0.0,0.0,156.17036,0.0,0.0,0.0,65.75378,197.26134,65.75378,58.11161,116.22322,0.0,0.0,116.22322,71.57168,286.2867,0.0,0.0,0.0,0.0,0.0,0.0,0.0,0.0,0.0,0.0,0.0,7.455305,11.240248,11.549883,7.348367,0.0,0.0,0.0,0.0,9.602928,0.0,9.749307,16.972431,10.759932,0.0,0.0,0.0,9.500675,9.375703,15.291977,9.739914,10.583102,0.0,0.0,0.0,0.0,28.47278,0.0,0.0,0.0,0.0,80.35571,80.35571,0.0,0.0,0.0,0.0,0.0,0.0,21.966059,24.157652,0.0,0.0,0.0,0.0,72.39106,0.0,72.39106,0.0,0.0,47.717823,0.0,47.717823,23.858912,47.717823
G/N,Near Kirti College,19.0272,72.8379,0.0,0.0,0.0,0.0,0.0,0.0,0.0,0.0,0.0,0.0,0.0,0.0,0.0,0.0,0.0,0.0,0.0,0.0,0.0,0.0,0.0,0.0,0.0,60.503555,0.0,92.06128,46.03064,92.06128,92.06128,46.03064,87.757965,58.505314,0.0,58.505314,58.505314,0.0,166.26292,0.0,0.0,0.0,0.0,0.0,0.0,156.17036,0.0,0.0,0.0,65.75378,197.26134,65.75378,58.11161,116.22322,0.0,0.0,116.22322,71.57168,286.2867,0.0,0.0,0.0,0.0,0.0,0.0,0.0,0.0,0.0,0.0,0.0,7.455305,11.240248,11.549883,7.348367,0.0,0.0,0.0,0.0,9.602928,0.0,9.749307,16.972431,10.759932,0.0,0.0,0.0,9.500675,9.375703,15.291977,9.739914,10.583102,0.0,0.0,0.0,0.0,28.47278,0.0,0.0,0.0,0.0,80.35571,80.35571,0.0,0.0,0.0,0.0,0.0,0.0,21.966059,24.157652,0.0,0.0,0.0,0.0,72.39106,0.0,72.39106,0.0,0.0,47.717823,0.0,47.717823,23.858912,47.717823
G/N,Lady Jamshedji Road,19.0299,72.8393,0.0,0.0,0.0,0.0,0.0,0.0,0.0,0.0,0.0,0.0,0.0,0.0,0.0,0.0,0.0,0.0,0.0,0.0,0.0,0.0,0.0,0.0,0.0,60.503555,0.0,92.06128,46.03064,92.06128,92.06128,46.03064,87.757965,58.505314,0.0,58.505314,58.505314,0.0,166.26292,0.0,0.0,0.0,0.0,0.0,0.0,156.17036,0.0,0.0,0.0,65.75378,197.26134,65.75378,58.11161,116.22322,0.0,0.0,116.22322,71.57168,286.2867,0.0,0.0,0.0,0.0,0.0,0.0,0.0,0.0,0.0,0.0,0.0,7.455305,11.240248,11.549883,7.348367,0.0,0.0,0.0,0.0,9.602928,0.0,9.749307,16.972431,10.759932,0.0,0.0,0.0,9.500675,9.375703,15.291977,9.739914,10.583102,0.0,0.0,0.0,0.0,28.47278,0.0,0.0,0.0,0.0,80.35571,80.35571,0.0,0.0,0.0,0.0,0.0,0.0,21.966059,24.157652,0.0,0.0,0.0,0.0,72.39106,0.0,72.39106,0.0,0.0,47.717823,0.0,47.717823,23.858912,47.717823
G/S,Elphinstone Bridge,19.0036,72.8302,0.0,0.0,0.0,0.0,0.0,0.0,0.0,0.0,0.0,0.0,0.0,0.0,0.0,0.0,0.0,0.0,0.0,0.0,0.0,0.0,0.0,0.0,0.0,60.503555,0.0,92.06128,46.03064,92.06128,92.06128,46.03064,87.757965,58.505314,0.0,58.505314,58.505314,0.0,166.26292,0.0,0.0,0.0,0.0,0.0,0.0,156.17036,0.0,0.0,0.0,65.75378,197.26134,65.75378,58.11161,116.22322,0.0,0.0,116.22322,71.57168,286.2867,0.0,0.0,0.0,0.0,0.0,0.0,0.0,0.0,0.0,0.0,0.0,7.455305,11.240248,11.549883,7.348367,0.0,0.0,0.0,0.0,9.602928,0.0,9.749307,16.972431,10.759932,0.0,0.0,0.0,9.500675,9.375703,15.291977,9.739914,10.583102,0.0,0.0,0.0,0.0,28.47278,0.0,0.0,0.0,0.0,80.35571,80.35571,0.0,0.0,0.0,0.0,0.0,0.0,21.966059,24.157652,0.0,0.0,0.0,0.0,72.39106,0.0,72.39106,0.0,0.0,47.717823,0.0,47.717823,23.858912,47.717823
G/S,Tulsi Pipe Road,19.0027,72.8292,0.0,0.0,0.0,0.0,0.0,0.0,0.0,0.0,0.0,0.0,0.0,0.0,0.0,0.0,0.0,0.0,0.0,0.0,0.0,0.0,0.0,0.0,0.0,60.503555,0.0,92.06128,46.03064,92.06128,92.06128,46.03064,87.757965,58.505314,0.0,58.505314,58.505314,0.0,166.26292,0.0,0.0,0.0,0.0,0.0,0.0,156.17036,0.0,0.0,0.0,65.75378,197.26134,65.75378,58.11161,116.22322,0.0,0.0,116.22322,71.57168,286.2867,0.0,0.0,0.0,0.0,0.0,0.0,0.0,0.0,0.0,0.0,0.0,7.455305,11.240248,11.549883,7.348367,0.0,0.0,0.0,0.0,9.602928,0.0,9.749307,16.972431,10.759932,0.0,0.0,0.0,9.500675,9.375703,15.291977,9.739914,10.583102,0.0,0.0,0.0,0.0,28.47278,0.0,0.0,0.0,0.0,80.35571,80.35571,0.0,0.0,0.0,0.0,0.0,0.0,21.966059,24.157652,0.0,0.0,0.0,0.0,72.39106,0.0,72.39106,0.0,0.0,47.717823,0.0,47.717823,23.858912,47.717823
G/S,Worli Naka,18.9989,72.8196,0.0,0.0,0.0,0.0,0.0,0.0,0.0,0.0,0.0,0.0,0.0,16.982706,0.0,0.0,0.0,0.0,0.0,0.0,0.0,0.0,0.0,0.0,0.0,92.55327,0.0,105.280464,35.09349,35.09349,140.37396,35.09349,113.154884,0.0,0.0,75.43659,75.43659,0.0,155.0556,0.0,0.0,0.0,0.0,80.65621,0.0,80.65621,0.0,0.0,0.0,65.90137,263.60547,0.0,49.451168,98.902336,0.0,0.0,148.3535,91.61294,274.83884,0.0,0.0,0.0,0.0,0.0,8.293731,0.0,0.0,0.0,0.0,0.0,0.0,8.344841,8.523853,8.221117,8.040013,0.0,0.0,0.0,0.0,0.0,0.0,12.342109,0.0,0.0,0.0,0.0,10.803478,10.666036,17.289675,11.050569,12.403123,0.0,0.0,0.0,0.0,30.671478,0.0,0.0,0.0,0.0,74.00464,74.00464,0.0,0.0,0.0,0.0,0.0,0.0,18.460697,30.001684,0.0,0.0,0.0,0.0,57.75524,0.0,57.75524,0.0,0.0,45.826675,0.0,45.826675,22.913338,45.826675
H/E,CST Road Junction,19.0795,72.8667,0.0,0.0,0.0,0.0,0.0,0.0,0.0,0.0,0.0,0.0,0.0,0.0,0.0,0.0,0.0,0.0,0.0,0.0,0.0,0.0,0.0,0.0,0.0,64.76556,0.0,111.6721,83.754074,83.754074,111.6721,55.83605,89.560555,89.560555,0.0,59.707035,59.707035,0.0,79.51033,0.0,79.51033,0.0,0.0,140.6085,0.0,0.0,0.0,0.0,0.0,66.34265,199.02797,66.34265,88.08501,176.17001,0.0,0.0,0.0,77.73924,310.95697,0.0,0.0,0.0,0.0,0.0,0.0,0.0,0.0,0.0,0.0,0.0,0.0,0.0,0.0,0.0,0.0,0.0,0.0,0.0,0.0,0.0,0.0,169.30968,0.0,0.0,0.0,0.0,0.0,0.0,0.0,0.0,0.0,0.0,0.0,0.0,0.0,24.713285,0.0,0.0,0.0,0.0,86.25139,86.25139,0.0,0.0,0.0,0.0,0.0,0.0,23.735325,15.255274,15.255274,0.0,0.0,0.0,80.29421,0.0,60.22066,0.0,0.0,30.8684,15.4342,30.8684,46.3026,46.3026
H/E,Air India Colony,19.0803,72.8671,0.0,0.0,0.0,0.0,0.0,0.0,0.0,0.0,0.0,0.0,0.0,0.0,0.0,0.0,0.0,0.0,0.0,0.0,0.0,0.0,0.0,0.0,0.0,64.76556,0.0,111.6721,83.754074,83.754074,111.6721,55.83605,89.560555,89.560555,0.0,59.707035,59.707035,0.0,79.51033,0.0,79.51033,0.0,0.0,140.6085,0.0,0.0,0.0,0.0,0.0,66.34265,199.02797,66.34265,88.08501,176.17001,0.0,0.0,0.0,77.73924,310.95697,0.0,0.0,0.0,0.0,0.0,0.0,0.0,0.0,0.0,0.0,0.0,0.0,0.0,0.0,0.0,0.0,0.0,0.0,0.0,0.0,0.0,0.0,169.30968,0.0,0.0,0.0,0.0,0.0,0.0,0.0,0.0,0.0,0.0,0.0,0.0,0.0,24.713285,0.0,0.0,0.0,0.0,86.25139,86.25139,0.0,0.0,0.0,0.0,0.0,0.0,23.735325,15.255274,15.255274,0.0,0.0,0.0,80.29421,0.0,60.22066,0.0,0.0,30.8684,15.4342,30.8684,46.3026,46.3026
H/E,Kalina University Junction,19.0758,72.8653,0.0,0.0,0.0,0.0,0.0,0.0,0.0,0.0,0.0,0.0,0.0,0.0,0.0,0.0,0.0,0.0,0.0,0.0,0.0,0.0,0.0,0.0,0.0,64.76556,0.0,111.6721,83.754074,83.754074,111.6721,55.83605,89.560555,89.560555,0.0,59.707035,59.707035,0.0,79.51033,0.0,79.51033,0.0,0.0,140.6085,0.0,0.0,0.0,0.0,0.0,66.34265,199.02797,66.34265,88.08501,176.17001,0.0,0.0,0.0,77.73924,310.95697,0.0,0.0,0.0,0.0,0.0,0.0,0.0,0.0,0.0,0.0,0.0,0.0,0.0,0.0,0.0,0.0,0.0,0.0,0.0,0.0,0.0,0.0,169.30968,0.0,0.0,0.0,0.0,0.0,0.0,0.0,0.0,0.0,0.0,0.0,0.0,0.0,24.713285,0.0,0.0,0.0,0.0,86.25139,86.25139,0.0,0.0,0.0,0.0,0.0,0.0,23.735325,15.255274,15.255274,0.0,0.0,0.0,80.29421,0.0,60.22066,0.0,0.0,30.8684,15.4342,30.8684,46.3026,46.3026
H/E,Vakola Nalla,19.0843,72.8498,0.0,0.0,0.0,0.0,0.0,0.0,0.0,0.0,0.0,0.0,0.0,0.0,0.0,0.0,0.0,0.0,0.0,0.0,0.0,0.0,0.0,0.0,0.0,43.16368,21.58184,58.06111,87.09167,116.12222,116.12222,58.06111,111.77718,74.51813,0.0,74.51813,74.51813,0.0,0.0,0.0,150.91405,0.0,0.0,0.0,0.0,0.0,0.0,0.0,0.0,72.120186,216.36052,72.120186,101.01347,202.02695,0.0,0.0,0.0,148.1762,296.3524,0.0,0.0,0.0,0.0,0.0,0.0,0.0,0.0,0.0,0.0,0.0,0.0,0.0,0.0,0.0,0.0,0.0,0.0,0.0,0.0,0.0,0.0,159.27968,0.0,0.0,0.0,0.0,0.0,0.0,0.0,0.0,0.0,0.0,0.0,0.0,0.0,23.079123,0.0,0.0,0.0,0.0,83.13068,83.13068,0.0,0.0,0.0,0.0,0.0,0.0,23.19627,11.427338,11.427338,0.0,0.0,0.0,80.69369,0.0,60.520267,0.0,0.0,32.618748,16.309374,32.618748,32.618748,48.92812
H/W,Linking Road Bandra,19.0607,72.8364,0.0,0.0,0.0,0.0,0.0,0.0,0.0,0.0,0.0,0.0,0.0,0.0,0.0,0.0,0.0,0.0,0.0,0.0,0.0,0.0,0.0,0.0,0.0,43.16368,21.58184,58.06111,87.09167,116.12222,116.12222,58.06111,111.77718,74.51813,0.0,74.51813,74.51813,0.0,0.0,0.0,150.91405,0.0,0.0,0.0,0.0,0.0,0.0,0.0,0.0,72.120186,216.36052,72.120186,101.01347,202.02695,0.0,0.0,0.0,148.1762,296.3524,0.0,0.0,0.0,0.0,0.0,0.0,0.0,0.0,0.0,0.0,0.0,0.0,0.0,0.0,0.0,0.0,0.0,0.0,0.0,0.0,0.0,0.0,159.27968,0.0,0.0,0.0,0.0,0.0,0.0,0.0,0.0,0.0,0.0,0.0,0.0,0.0,23.079123,0.0,0.0,0.0,0.0,83.13068,83.13068,0.0,0.0,0.0,0.0,0.0,0.0,23.19627,11.427338,11.427338,0.0,0.0,0.0,80.69369,0.0,60.520267,0.0,0.0,32.618748,16.309374,32.618748,32.618748,48.92812
H/W,Khar Subway,19.0712,72.8411,0.0,0.0,0.0,0.0,0.0,0.0,0.0,0.0,0.0,0.0,0.0,0.0,0.0,0.0,0.0,0.0,0.0,0.0,0.0,0.0,0.0,0.0,0.0,43.16368,21.58184,58.06111,87.09167,116.12222,116.12222,58.06111,111.77718,74.51813,0.0,74.51813,74.51813,0.0,0.0,0.0,150.91405,0.0,0.0,0.0,0.0,0.0,0.0,0.0,0.0,72.120186,216.36052,72.120186,101.01347,202.02695,0.0,0.0,0.0,148.1762,296.3524,0.0,0.0,0.0,0.0,0.0,0.0,0.0,0.0,0.0,0.0,0.0,0.0,0.0,0.0,0.0,0.0,0.0,0.0,0.0,0.0,0.0,0.0,159.27968,0.0,0.0,0.0,0.0,0.0,0.0,0.0,0.0,0.0,0.0,0.0,0.0,0.0,23.079123,0.0,0.0,0.0,0.0,83.13068,83.13068,0.0,0.0,0.0,0.0,0.0,0.0,23.19627,11.427338,11.427338,0.0,0.0,0.0,80.69369,0.0,60.520267,0.0,0.0,32.618748,16.309374,32.618748,32.618748,48.92812
H/W,Waterfield Road,19.0572,72.8378,0.0,0.0,0.0,0.0,0.0,0.0,0.0,0.0,0.0,0.0,0.0,0.0,0.0,0.0,0.0,0.0,0.0,0.0,0.0,0.0,0.0,0.0,0.0,43.16368,21.58184,58.06111,87.09167,116.12222,116.12222,58.06111,111.77718,74.51813,0.0,74.51813,74.51813,0.0,0.0,0.0,150.91405,0.0,0.0,0.0,0.0,0.0,0.0,0.0,0.0,72.120186,216.36052,72.120186,101.01347,202.02695,0.0,0.0,0.0,148.1762,296.3524,0.0,0.0,0.0,0.0,0.0,0.0,0.0,0.0,0.0,0.0,0.0,0.0,0.0,0.0,0.0,0.0,0.0,0.0,0.0,0.0,0.0,0.0,159.27968,0.0,0.0,0.0,0.0,0.0,0.0,0.0,0.0,0.0,0.0,0.0,0.0,0.0,23.079123,0.0,0.0,0.0,0.0,83.13068,83.13068,0.0,0.0,0.0,0.0,0.0,0.0,23.19627,11.427338,11.427338,0.0,0.0,0.0,80.69369,0.0,60.520267,0.0,0.0,32.618748,16.309374,32.618748,32.618748,48.92812
K/E,Saki Naka Junction,19.0981,72.8841,0.0,0.0,0.0,0.0,0.0,0.0,0.0,0.0,0.0,0.0,0.0,0.0,0.0,0.0,0.0,0.0,0.0,0.0,0.0,0.0,0.0,0.0,0.0,64.76556,0.0,111.6721,83.754074,83.754074,111.6721,55.83605,89.560555,89.560555,0.0,59.707035,59.707035,0.0,79.51033,0.0,79.51033,0.0,0.0,140.6085,0.0,0.0,0.0,0.0,0.0,66.34265,199.02797,66.34265,88.08501,176.17001,0.0,0.0,0.0,77.73924,310.95697,0.0,0.0,0.0,0.0,0.0,0.0,0.0,0.0,0.0,0.0,0.0,0.0,0.0,0.0,0.0,0.0,0.0,0.0,0.0,0.0,0.0,0.0,169.30968,0.0,0.0,0.0,0.0,0.0,0.0,0.0,0.0,0.0,0.0,0.0,0.0,0.0,24.713285,0.0,0.0,0.0,0.0,86.25139,86.25139,0.0,0.0,0.0,0.0,0.0,0.0,23.735325,15.255274,15.255274,0.0,0.0,0.0,80.29421,0.0,60.22066,0.0,0.0,30.8684,15.4342,30.8684,46.3026,46.3026
K/E,Marol Naka,19.1062,72.8853,0.0,0.0,0.0,0.0,0.0,0.0,0.0,0.0,0.0,0.0,0.0,0.0,0.0,0.0,0.0,0.0,0.0,0.0,0.0,0.0,0.0,0.0,0.0,24.343977,24.343977,29.313272,87.93982,117.25309,146.56635,58.626545,129.26828,43.089424,0.0,86.17885,86.17885,0.0,0.0,0.0,182.95744,0.0,0.0,0.0,0.0,0.0,0.0,0.0,0.0,63.22679,189.68037,63.22679,90.90002,181.80003,0.0,0.0,0.0,146.79526,293.5905,0.0,0.0,0.0,0.0,0.0,0.0,0.0,0.0,0.0,0.0,0.0,0.0,0.0,7.1121006,7.198246,6.843667,0.0,0.0,0.0,9.791377,0.0,9.752471,16.75549,10.86404,0.0,0.0,0.0,9.404848,8.990286,15.360134,9.790479,9.967488,0.0,0.0,0.0,0.0,0.0,0.0,0.0,0.0,0.0,92.51545,92.51545,0.0,0.0,0.0,0.0,0.0,0.0,25.693922,0.0,38.59639,0.0,0.0,0.0,87.900314,0.0,65.92524,0.0,0.0,38.075855,19.037928,38.075855,38.075855,57.11379
K/E,JB Nagar,19.1093,72.8661,0.0,0.0,0.0,0.0,0.0,0.0,0.0,0.0,0.0,0.0,0.0,0.0,0.0,0.0,0.0,0.0,0.0,0.0,0.0,0.0,0.0,0.0,0.0,24.343977,24.343977,29.313272,87.93982,117.25309,146.56635,58.626545,129.26828,43.089424,0.0,86.17885,86.17885,0.0,0.0,0.0,182.95744,0.0,0.0,0.0,0.0,0.0,0.0,0.0,0.0,63.22679,189.68037,63.22679,90.90002,181.80003,0.0,0.0,0.0,146.79526,293.5905,0.0,0.0,0.0,0.0,0.0,0.0,0.0,0.0,0.0,0.0,0.0,0.0,0.0,7.1121006,7.198246,6.843667,0.0,0.0,0.0,9.791377,0.0,9.752471,16.75549,10.86404,0.0,0.0,0.0,9.404848,8.990286,15.360134,9.790479,9.967488,0.0,0.0,0.0,0.0,0.0,0.0,0.0,0.0,0.0,92.51545,92.51545,0.0,0.0,0.0,0.0,0.0,0.0,25.693922,0.0,38.59639,0.0,0.0,0.0,87.900314,0.0,65.92524,0.0,0.0,38.075855,19.037928,38.075855,38.075855,57.11379
K/E,Airport Gate 8,19.1029,72.8673,0.0,0.0,0.0,0.0,0.0,0.0,0.0,0.0,0.0,0.0,0.0,0.0,0.0,0.0,0.0,0.0,0.0,0.0,0.0,0.0,0.0,0.0,0.0,24.343977,24.343977,29.313272,87.93982,117.25309,146.56635,58.626545,129.26828,43.089424,0.0,86.17885,86.17885,0.0,0.0,0.0,182.95744,0.0,0.0,0.0,0.0,0.0,0.0,0.0,0.0,63.22679,189.68037,63.22679,90.90002,181.80003,0.0,0.0,0.0,146.79526,293.5905,0.0,0.0,0.0,0.0,0.0,0.0,0.0,0.0,0.0,0.0,0.0,0.0,0.0,7.1121006,7.198246,6.843667,0.0,0.0,0.0,9.791377,0.0,9.752471,16.75549,10.86404,0.0,0.0,0.0,9.404848,8.990286,15.360134,9.790479,9.967488,0.0,0.0,0.0,0.0,0.0,0.0,0.0,0.0,0.0,92.51545,92.51545,0.0,0.0,0.0,0.0,0.0,0.0,25.693922,0.0,38.59639,0.0,0.0,0.0,87.900314,0.0,65.92524,0.0,0.0,38.075855,19.037928,38.075855,38.075855,57.11379
K/W,Andheri Subway,19.1198,72.8476,0.0,0.0,0.0,0.0,0.0,0.0,0.0,0.0,0.0,0.0,0.0,20.399872,0.0,0.0,0.0,0.0,0.0,0.0,0.0,0.0,0.0,0.0,0.0,32.12297,16.061485,26.300842,78.90252,105.20337,131.50421,78.90252,141.35016,47.11672,0.0,94.23344,94.23344,0.0,0.0,0.0,146.82742,0.0,0.0,0.0,0.0,0.0,0.0,0.0,0.0,0.0,268.2482,89.41607,92.51121,185.02242,0.0,0.0,0.0,147.31334,294.62668,0.0,0.0,0.0,0.0,0.0,0.0,0.0,0.0,0.0,0.0,0.0,0.0,0.0,0.0,0.0,0.0,0.0,0.0,0.0,0.0,0.0,62.024963,62.024963,0.0,0.0,0.0,0.0,0.0,0.0,0.0,0.0,0.0,0.0,0.0,0.0,0.0,0.0,0.0,0.0,0.0,0.0,90.20435,90.20435,0.0,0.0,0.0,0.0,0.0,0.0,25.92047,0.0,36.83303,0.0,0.0,0.0,89.05316,0.0,66.78986,0.0,0.0,33.9596,16.9798,50.939396,33.9596,50.939396
K/W,Oshiwara Nullah,19.1431,72.8273,0.0,0.0,0.0,0.0,0.0,0.0,0.0,0.0,0.0,0.0,0.0,20.399872,0.0,0.0,0.0,0.0,0.0,0.0,0.0,0.0,0.0,0.0,0.0,32.12297,16.061485,26.300842,78.90252,105.20337,131.50421,78.90252,141.35016,47.11672,0.0,94.23344,94.23344,0.0,0.0,0.0,146.82742,0.0,0.0,0.0,0.0,0.0,0.0,0.0,0.0,0.0,268.2482,89.41607,92.51121,185.02242,0.0,0.0,0.0,147.31334,294.62668,0.0,0.0,0.0,0.0,0.0,0.0,0.0,0.0,0.0,0.0,0.0,0.0,0.0,0.0,0.0,0.0,0.0,0.0,0.0,0.0,0.0,62.024963,62.024963,0.0,0.0,0.0,0.0,0.0,0.0,0.0,0.0,0.0,0.0,0.0,0.0,0.0,0.0,0.0,0.0,0.0,0.0,90.20435,90.20435,0.0,0.0,0.0,0.0,0.0,0.0,25.92047,0.0,36.83303,0.0,0.0,0.0,89.05316,0.0,66.78986,0.0,0.0,33.9596,16.9798,50.939396,33.9596,50.939396
K/W,DN Nagar Metro,19.1326,72.8333,0.0,0.0,0.0,0.0,0.0,0.0,0.0,0.0,0.0,0.0,0.0,20.399872,0.0,0.0,0.0,0.0,0.0,0.0,0.0,0.0,0.0,0.0,0.0,32.12297,16.061485,26.300842,78.90252,105.20337,131.50421,78.90252,141.35016,47.11672,0.0,94.23344,94.23344,0.0,0.0,0.0,146.82742,0.0,0.0,0.0,0.0,0.0,0.0,0.0,0.0,0.0,268.2482,89.41607,92.51121,185.02242,0.0,0.0,0.0,147.31334,294.62668,0.0,0.0,0.0,0.0,0.0,0.0,0.0,0.0,0.0,0.0,0.0,0.0,0.0,0.0,0.0,0.0,0.0,0.0,0.0,0.0,0.0,62.024963,62.024963,0.0,0.0,0.0,0.0,0.0,0.0,0.0,0.0,0.0,0.0,0.0,0.0,0.0,0.0,0.0,0.0,0.0,0.0,90.20435,90.20435,0.0,0.0,0.0,0.0,0.0,0.0,25.92047,0.0,36.83303,0.0,0.0,0.0,89.05316,0.0,66.78986,0.0,0.0,33.9596,16.9798,50.939396,33.9596,50.939396
P/N,"Kurar Village, Malad Subway",19.1834,72.8701,0.0,0.0,0.0,0.0,0.0,0.0,0.0,0.0,0.0,0.0,0.0,0.0,0.0,0.0,0.0,0.0,0.0,0.0,0.0,0.0,0.0,0.0,0.0,0.0,50.781437,45.207508,67.81126,90.415016,113.01877,113.01877,85.30258,85.30258,0.0,85.30258,85.30258,0.0,0.0,0.0,158.68544,0.0,97.86083,0.0,0.0,0.0,0.0,0.0,0.0,120.540344,120.540344,80.36023,124.70195,124.70195,0.0,0.0,0.0,64.70248,258.8099,64.70248,0.0,0.0,0.0,0.0,0.0,0.0,0.0,0.0,0.0,0.0,0.0,10.212649,10.761118,0.0,0.0,0.0,0.0,0.0,9.046627,0.0,8.931196,15.416352,9.981082,0.0,0.0,0.0,8.312455,7.9346466,13.76313,8.74033,8.610116,0.0,0.0,0.0,0.0,0.0,0.0,0.0,0.0,0.0,87.19363,87.19363,0.0,0.0,0.0,0.0,0.0,0.0,24.436155,0.0,29.694504,0.0,0.0,0.0,85.23414,0.0,63.925602,0.0,0.0,34.85009,17.425045,52.27514,34.85009,52.27514
P/N,"Pathanwadi, Malad East",19.1853,72.8623,0.0,0.0,0.0,0.0,0.0,0.0,0.0,0.0,0.0,0.0,0.0,0.0,0.0,0.0,0.0,0.0,0.0,0.0,0.0,0.0,0.0,0.0,0.0,0.0,50.781437,45.207508,67.81126,90.415016,113.01877,113.01877,85.30258,85.30258,0.0,85.30258,85.30258,0.0,0.0,0.0,158.68544,0.0,97.86083,0.0,0.0,0.0,0.0,0.0,0.0,120.540344,120.540344,80.36023,124.70195,124.70195,0.0,0.0,0.0,64.70248,258.8099,64.70248,0.0,0.0,0.0,0.0,0.0,0.0,0.0,0.0,0.0,0.0,0.0,10.212649,10.761118,0.0,0.0,0.0,0.0,0.0,9.046627,0.0,8.931196,15.416352,9.981082,0.0,0.0,0.0,8.312455,7.9346466,13.76313,8.74033,8.610116,0.0,0.0,0.0,0.0,0.0,0.0,0.0,0.0,0.0,87.19363,87.19363,0.0,0.0,0.0,0.0,0.0,0.0,24.436155,0.0,29.694504,0.0,0.0,0.0,85.23414,0.0,63.925602,0.0,0.0,34.85009,17.425045,52.27514,34.85009,52.27514
P/N,"Pushpa Park, WEH",19.1906,72.8636,0.0,0.0,0.0,0.0,0.0,0.0,0.0,0.0,0.0,0.0,0.0,0.0,0.0,0.0,0.0,0.0,0.0,0.0,0.0,0.0,0.0,0.0,0.0,0.0,50.781437,45.207508,67.81126,90.415016,113.01877,113.01877,85.30258,85.30258,0.0,85.30258,85.30258,0.0,0.0,0.0,158.68544,0.0,97.86083,0.0,0.0,0.0,0.0,0.0,0.0,120.540344,120.540344,80.36023,124.70195,124.70195,0.0,0.0,0.0,64.70248,258.8099,64.70248,0.0,0.0,0.0,0.0,0.0,0.0,0.0,0.0,0.0,0.0,0.0,10.212649,10.761118,0.0,0.0,0.0,0.0,0.0,9.046627,0.0,8.931196,15.416352,9.981082,0.0,0.0,0.0,8.312455,7.9346466,13.76313,8.74033,8.610116,0.0,0.0,0.0,0.0,0.0,0.0,0.0,0.0,0.0,87.19363,87.19363,0.0,0.0,0.0,0.0,0.0,0.0,24.436155,0.0,29.694504,0.0,0.0,0.0,85.23414,0.0,63.925602,0.0,0.0,34.85009,17.425045,52.27514,34.85009,52.27514
P/N,Slope near Kurar Metro,19.1598,72.8445,0.0,0.0,0.0,0.0,0.0,0.0,0.0,0.0,0.0,0.0,0.0,0.0,0.0,0.0,0.0,0.0,0.0,0.0,0.0,0.0,0.0,0.0,0.0,0.0,56.461967,47.735447,47.735447,95.470894,119.33862,119.33862,83.16348,83.16348,0.0,83.16348,83.16348,0.0,0.0,0.0,152.74303,0.0,54.63505,0.0,0.0,54.63505,0.0,0.0,0.0,113.24955,150.9994,75.4997,129.91916,129.91916,0.0,0.0,0.0,129.84718,194.77077,64.92359,0.0,0.0,0.0,0.0,0.0,0.0,0.0,0.0,0.0,0.0,0.0,0.0,0.0,0.0,0.0,0.0,0.0,0.0,0.0,0.0,0.0,144.09967,0.0,0.0,0.0,0.0,0.0,0.0,0.0,0.0,0.0,0.0,0.0,0.0,0.0,0.0,0.0,0.0,0.0,0.0,98.56539,98.56539,0.0,0.0,0.0,0.0,0.0,0.0,24.634659,0.0,24.720682,0.0,0.0,0.0,91.37435,0.0,68.53076,0.0,0.0,38.124893,19.062447,57.187344,38.124893,38.124893
P/S,MG Road Goregaon Market,19.1639,72.8433,0.0,0.0,0.0,0.0,0.0,0.0,0.0,0.0,0.0,0.0,0.0,0.0,0.0,0.0,0.0,0.0,0.0,0.0,0.0,0.0,0.0,0.0,0.0,0.0,56.461967,47.735447,47.735447,95.470894,119.33862,119.33862,83.16348,83.16348,0.0,83.16348,83.16348,0.0,0.0,0.0,152.74303,0.0,54.63505,0.0,0.0,54.63505,0.0,0.0,0.0,113.24955,150.9994,75.4997,129.91916,129.91916,0.0,0.0,0.0,129.84718,194.77077,64.92359,0.0,0.0,0.0,0.0,0.0,0.0,0.0,0.0,0.0,0.0,0.0,0.0,0.0,0.0,0.0,0.0,0.0,0.0,0.0,0.0,0.0,144.09967,0.0,0.0,0.0,0.0,0.0,0.0,0.0,0.0,0.0,0.0,0.0,0.0,0.0,0.0,0.0,0.0,0.0,0.0,98.56539,98.56539,0.0,0.0,0.0,0.0,0.0,0.0,24.634659,0.0,24.720682,0.0,0.0,0.0,91.37435,0.0,68.53076,0.0,0.0,38.124893,19.062447,57.187344,38.124893,38.124893
P/S,"Siddharth Hospital, Goregaon W",19.1613,72.8407,0.0,0.0,0.0,0.0,0.0,0.0,0.0,0.0,0.0,0.0,0.0,0.0,0.0,0.0,0.0,0.0,0.0,0.0,0.0,0.0,0.0,0.0,0.0,0.0,56.461967,47.735447,47.735447,95.470894,119.33862,119.33862,83.16348,83.16348,0.0,83.16348,83.16348,0.0,0.0,0.0,152.74303,0.0,54.63505,0.0,0.0,54.63505,0.0,0.0,0.0,113.24955,150.9994,75.4997,129.91916,129.91916,0.0,0.0,0.0,129.84718,194.77077,64.92359,0.0,0.0,0.0,0.0,0.0,0.0,0.0,0.0,0.0,0.0,0.0,0.0,0.0,0.0,0.0,0.0,0.0,0.0,0.0,0.0,0.0,144.09967,0.0,0.0,0.0,0.0,0.0,0.0,0.0,0.0,0.0,0.0,0.0,0.0,0.0,0.0,0.0,0.0,0.0,0.0,98.56539,98.56539,0.0,0.0,0.0,0.0,0.0,0.0,24.634659,0.0,24.720682,0.0,0.0,0.0,91.37435,0.0,68.53076,0.0,0.0,38.124893,19.062447,57.187344,38.124893,38.124893
P/S,"Motilal Nagar 1, Goregaon W",19.1555,72.8441,0.0,0.0,0.0,0.0,0.0,0.0,0.0,0.0,0.0,0.0,0.0,0.0,0.0,0.0,0.0,0.0,0.0,0.0,0.0,0.0,0.0,0.0,0.0,0.0,56.461967,47.735447,47.735447,95.470894,119.33862,119.33862,83.16348,83.16348,0.0,83.16348,83.16348,0.0,0.0,0.0,152.74303,0.0,54.63505,0.0,0.0,54.63505,0.0,0.0,0.0,113.24955,150.9994,75.4997,129.91916,129.91916,0.0,0.0,0.0,129.84718,194.77077,64.92359,0.0,0.0,0.0,0.0,0.0,0.0,0.0,0.0,0.0,0.0,0.0,0.0,0.0,0.0,0.0,0.0,0.0,0.0,0.0,0.0,0.0,144.09967,0.0,0.0,0.0,0.0,0.0,0.0,0.0,0.0,0.0,0.0,0.0,0.0,0.0,0.0,0.0,0.0,0.0,0.0,98.56539,98.56539,0.0,0.0,0.0,0.0,0.0,0.0,24.634659,0.0,24.720682,0.0,0.0,0.0,91.37435,0.0,68.53076,0.0,0.0,38.124893,19.062447,57.187344,38.124893,38.124893
P/S,Goregaon Station Subway,19.2525,72.8601,0.0,0.0,0.0,0.0,0.0,0.0,0.0,0.0,0.0,0.0,0.0,0.0,0.0,0.0,0.0,0.0,0.0,0.0,0.0,0.0,0.0,0.0,0.0,0.0,0.0,49.094715,98.18943,98.18943,98.18943,98.18943,105.67437,79.255775,0.0,79.255775,52.837185,0.0,0.0,0.0,158.17693,0.0,92.35692,0.0,0.0,0.0,0.0,0.0,0.0,79.201866,118.8028,79.201866,116.23761,116.23761,0.0,0.0,58.118805,62.057274,248.2291,62.057274,0.0,0.0,0.0,0.0,0.0,0.0,0.0,0.0,0.0,0.0,0.0,9.399672,10.239794,0.0,0.0,0.0,0.0,0.0,8.954389,0.0,8.72868,15.14472,9.788682,0.0,0.0,0.0,7.481286,0.0,12.562241,7.908391,7.32585,0.0,0.0,0.0,15.272668,0.0,0.0,0.0,0.0,0.0,75.9013,101.20174,0.0,0.0,0.0,0.0,0.0,0.0,25.61022,13.270361,13.270361,0.0,0.0,0.0,68.24862,0.0,68.24862,0.0,0.0,39.639103,19.819551,39.639103,39.639103,59.45866
R/N,Dahisar Railway Subway,19.2536,72.8682,0.0,0.0,0.0,0.0,0.0,0.0,0.0,0.0,0.0,0.0,0.0,0.0,0.0,0.0,0.0,0.0,0.0,0.0,0.0,0.0,0.0,0.0,0.0,0.0,0.0,49.094715,98.18943,98.18943,98.18943,98.18943,105.67437,79.255775,0.0,79.255775,52.837185,0.0,0.0,0.0,158.17693,0.0,92.35692,0.0,0.0,0.0,0.0,0.0,0.0,79.201866,118.8028,79.201866,116.23761,116.23761,0.0,0.0,58.118805,62.057274,248.2291,62.057274,0.0,0.0,0.0,0.0,0.0,0.0,0.0,0.0,0.0,0.0,0.0,9.399672,10.239794,0.0,0.0,0.0,0.0,0.0,8.954389,0.0,8.72868,15.14472,9.788682,0.0,0.0,0.0,7.481286,0.0,12.562241,7.908391,7.32585,0.0,0.0,0.0,15.272668,0.0,0.0,0.0,0.0,0.0,75.9013,101.20174,0.0,0.0,0.0,0.0,0.0,0.0,25.61022,13.270361,13.270361,0.0,0.0,0.0,68.24862,0.0,68.24862,0.0,0.0,39.639103,19.819551,39.639103,39.639103,59.45866
R/N,Ovaripada Slum Area,19.2064,72.8376,0.0,0.0,0.0,0.0,0.0,0.0,0.0,0.0,0.0,0.0,0.0,0.0,0.0,0.0,0.0,0.0,0.0,0.0,0.0,0.0,0.0,0.0,0.0,0.0,48.43977,62.53186,62.53186,83.37581,104.21976,83.37581,70.273605,70.273605,0.0,105.410416,70.273605,0.0,0.0,0.0,142.42296,0.0,78.74955,0.0,0.0,39.374775,0.0,0.0,0.0,90.61111,135.91667,90.61111,120.78936,120.78936,0.0,0.0,60.39468,63.167164,252.66866,63.167164,0.0,0.0,0.0,0.0,0.0,0.0,0.0,0.0,0.0,0.0,0.0,0.0,0.0,0.0,0.0,0.0,0.0,0.0,0.0,0.0,0.0,113.31016,0.0,0.0,0.0,0.0,0.0,0.0,0.0,0.0,0.0,0.0,0.0,0.0,9.969361,0.0,0.0,0.0,0.0,0.0,101.57478,101.57478,0.0,0.0,0.0,0.0,0.0,0.0,23.380129,0.0,24.016699,0.0,0.0,0.0,76.157646,0.0,76.157646,0.0,0.0,41.81447,20.907234,41.81447,41.81447,41.81447
R/S,Shimpoli Road,19.2083,72.8361,0.0,0.0,0.0,0.0,0.0,0.0,0.0,0.0,0.0,0.0,0.0,0.0,0.0,0.0,0.0,0.0,0.0,0.0,0.0,0.0,0.0,0.0,0.0,0.0,48.43977,62.53186,62.53186,83.37581,104.21976,83.37581,70.273605,70.273605,0.0,105.410416,70.273605,0.0,0.0,0.0,142.42296,0.0,78.74955,0.0,0.0,39.374775,0.0,0.0,0.0,90.61111,135.91667,90.61111,120.78936,120.78936,0.0,0.0,60.39468,63.167164,252.66866,63.167164,0.0,0.0,0.0,0.0,0.0,0.0,0.0,0.0,0.0,0.0,0.0,0.0,0.0,0.0,0.0,0.0,0.0,0.0,0.0,0.0,0.0,113.31016,0.0,0.0,0.0,0.0,0.0,0.0,0.0,0.0,0.0,0.0,0.0,0.0,9.969361,0.0,0.0,0.0,0.0,0.0,101.57478,101.57478,0.0,0.0,0.0,0.0,0.0,0.0,23.380129,0.0,24.016699,0.0,0.0,0.0,76.157646,0.0,76.157646,0.0,0.0,41.81447,20.907234,41.81447,41.81447,41.81447
R/S,Poinsur Bus Depot,19.206,72.83,0.0,0.0,0.0,0.0,0.0,0.0,0.0,0.0,0.0,0.0,0.0,0.0,0.0,0.0,0.0,0.0,0.0,0.0,0.0,0.0,0.0,0.0,0.0,0.0,48.43977,62.53186,62.53186,83.37581,104.21976,83.37581,70.273605,70.273605,0.0,105.410416,70.273605,0.0,0.0,0.0,142.42296,0.0,78.74955,0.0,0.0,39.374775,0.0,0.0,0.0,90.61111,135.91667,90.61111,120.78936,120.78936,0.0,0.0,60.39468,63.167164,252.66866,63.167164,0.0,0.0,0.0,0.0,0.0,0.0,0.0,0.0,0.0,0.0,0.0,0.0,0.0,0.0,0.0,0.0,0.0,0.0,0.0,0.0,0.0,113.31016,0.0,0.0,0.0,0.0,0.0,0.0,0.0,0.0,0.0,0.0,0.0,0.0,9.969361,0.0,0.0,0.0,0.0,0.0,101.57478,101.57478,0.0,0.0,0.0,0.0,0.0,0.0,23.380129,0.0,24.016699,0.0,0.0,0.0,76.157646,0.0,76.157646,0.0,0.0,41.81447,20.907234,41.81447,41.81447,41.81447
R/S,Mahavir Nagar Junction,19.2365,72.8322,0.0,0.0,0.0,0.0,0.0,0.0,0.0,0.0,0.0,0.0,0.0,0.0,0.0,0.0,0.0,0.0,0.0,0.0,0.0,0.0,0.0,0.0,0.0,0.0,48.43977,62.53186,62.53186,83.37581,104.21976,83.37581,70.273605,70.273605,0.0,105.410416,70.273605,0.0,0.0,0.0,142.42296,0.0,78.74955,0.0,0.0,39.374775,0.0,0.0,0.0,90.61111,135.91667,90.61111,120.78936,120.78936,0.0,0.0,60.39468,63.167164,252.66866,63.167164,0.0,0.0,0.0,0.0,0.0,0.0,0.0,0.0,0.0,0.0,0.0,0.0,0.0,0.0,0.0,0.0,0.0,0.0,0.0,0.0,0.0,113.31016,0.0,0.0,0.0,0.0,0.0,0.0,0.0,0.0,0.0,0.0,0.0,0.0,9.969361,0.0,0.0,0.0,0.0,0.0,101.57478,101.57478,0.0,0.0,0.0,0.0,0.0,0.0,23.380129,0.0,24.016699,0.0,0.0,0.0,76.157646,0.0,76.157646,0.0,0.0,41.81447,20.907234,41.81447,41.81447,41.81447
R/C,IC Colony Subway,19.2408,72.8173,0.0,0.0,0.0,0.0,0.0,0.0,0.0,0.0,0.0,0.0,0.0,0.0,0.0,0.0,0.0,0.0,0.0,0.0,0.0,0.0,0.0,0.0,0.0,0.0,48.43977,62.53186,62.53186,83.37581,104.21976,83.37581,70.273605,70.273605,0.0,105.410416,70.273605,0.0,0.0,0.0,142.42296,0.0,78.74955,0.0,0.0,39.374775,0.0,0.0,0.0,90.61111,135.91667,90.61111,120.78936,120.78936,0.0,0.0,60.39468,63.167164,252.66866,63.167164,0.0,0.0,0.0,0.0,0.0,0.0,0.0,0.0,0.0,0.0,0.0,0.0,0.0,0.0,0.0,0.0,0.0,0.0,0.0,0.0,0.0,113.31016,0.0,0.0,0.0,0.0,0.0,0.0,0.0,0.0,0.0,0.0,0.0,0.0,9.969361,0.0,0.0,0.0,0.0,0.0,101.57478,101.57478,0.0,0.0,0.0,0.0,0.0,0.0,23.380129,0.0,24.016699,0.0,0.0,0.0,76.157646,0.0,76.157646,0.0,0.0,41.81447,20.907234,41.81447,41.81447,41.81447
R/C,Mandapeshwar Creek edge,19.0727,72.8826,0.0,0.0,0.0,0.0,0.0,0.0,0.0,0.0,0.0,0.0,0.0,0.0,0.0,0.0,0.0,0.0,0.0,0.0,0.0,0.0,0.0,0.0,0.0,64.76556,0.0,111.6721,83.754074,83.754074,111.6721,55.83605,89.560555,89.560555,0.0,59.707035,59.707035,0.0,79.51033,0.0,79.51033,0.0,0.0,140.6085,0.0,0.0,0.0,0.0,0.0,66.34265,199.02797,66.34265,88.08501,176.17001,0.0,0.0,0.0,77.73924,310.95697,0.0,0.0,0.0,0.0,0.0,0.0,0.0,0.0,0.0,0.0,0.0,0.0,0.0,0.0,0.0,0.0,0.0,0.0,0.0,0.0,0.0,0.0,169.30968,0.0,0.0,0.0,0.0,0.0,0.0,0.0,0.0,0.0,0.0,0.0,0.0,0.0,24.713285,0.0,0.0,0.0,0.0,86.25139,86.25139,0.0,0.0,0.0,0.0,0.0,0.0,23.735325,15.255274,15.255274,0.0,0.0,0.0,80.29421,0.0,60.22066,0.0,0.0,30.8684,15.4342,30.8684,46.3026,46.3026
L,Kurla Station (LBS Marg),19.0722,72.8771,0.0,0.0,0.0,0.0,0.0,0.0,0.0,0.0,0.0,0.0,0.0,0.0,0.0,0.0,0.0,0.0,0.0,0.0,0.0,0.0,0.0,0.0,0.0,64.76556,0.0,111.6721,83.754074,83.754074,111.6721,55.83605,89.560555,89.560555,0.0,59.707035,59.707035,0.0,79.51033,0.0,79.51033,0.0,0.0,140.6085,0.0,0.0,0.0,0.0,0.0,66.34265,199.02797,66.34265,88.08501,176.17001,0.0,0.0,0.0,77.73924,310.95697,0.0,0.0,0.0,0.0,0.0,0.0,0.0,0.0,0.0,0.0,0.0,0.0,0.0,0.0,0.0,0.0,0.0,0.0,0.0,0.0,0.0,0.0,169.30968,0.0,0.0,0.0,0.0,0.0,0.0,0.0,0.0,0.0,0.0,0.0,0.0,0.0,24.713285,0.0,0.0,0.0,0.0,86.25139,86.25139,0.0,0.0,0.0,0.0,0.0,0.0,23.735325,15.255274,15.255274,0.0,0.0,0.0,80.29421,0.0,60.22066,0.0,0.0,30.8684,15.4342,30.8684,46.3026,46.3026
L,"Bail Bazaar, Kurla",19.0888,72.8861,0.0,0.0,0.0,0.0,0.0,0.0,0.0,0.0,0.0,0.0,0.0,0.0,0.0,0.0,0.0,0.0,0.0,0.0,0.0,0.0,0.0,0.0,0.0,64.76556,0.0,111.6721,83.754074,83.754074,111.6721,55.83605,89.560555,89.560555,0.0,59.707035,59.707035,0.0,79.51033,0.0,79.51033,0.0,0.0,140.6085,0.0,0.0,0.0,0.0,0.0,66.34265,199.02797,66.34265,88.08501,176.17001,0.0,0.0,0.0,77.73924,310.95697,0.0,0.0,0.0,0.0,0.0,0.0,0.0,0.0,0.0,0.0,0.0,0.0,0.0,0.0,0.0,0.0,0.0,0.0,0.0,0.0,0.0,0.0,169.30968,0.0,0.0,0.0,0.0,0.0,0.0,0.0,0.0,0.0,0.0,0.0,0.0,0.0,24.713285,0.0,0.0,0.0,0.0,86.25139,86.25139,0.0,0.0,0.0,0.0,0.0,0.0,23.735325,15.255274,15.255274,0.0,0.0,0.0,80.29421,0.0,60.22066,0.0,0.0,30.8684,15.4342,30.8684,46.3026,46.3026
L,"LBS Rd, Kamani Junction",19.0813,72.8711,0.0,0.0,0.0,0.0,0.0,0.0,0.0,0.0,0.0,0.0,0.0,0.0,0.0,0.0,0.0,0.0,0.0,0.0,0.0,0.0,0.0,0.0,0.0,64.76556,0.0,111.6721,83.754074,83.754074,111.6721,55.83605,89.560555,89.560555,0.0,59.707035,59.707035,0.0,79.51033,0.0,79.51033,0.0,0.0,140.6085,0.0,0.0,0.0,0.0,0.0,66.34265,199.02797,66.34265,88.08501,176.17001,0.0,0.0,0.0,77.73924,310.95697,0.0,0.0,0.0,0.0,0.0,0.0,0.0,0.0,0.0,0.0,0.0,0.0,0.0,0.0,0.0,0.0,0.0,0.0,0.0,0.0,0.0,0.0,169.30968,0.0,0.0,0.0,0.0,0.0,0.0,0.0,0.0,0.0,0.0,0.0,0.0,0.0,24.713285,0.0,0.0,0.0,0.0,86.25139,86.25139,0.0,0.0,0.0,0.0,0.0,0.0,23.735325,15.255274,15.255274,0.0,0.0,0.0,80.29421,0.0,60.22066,0.0,0.0,30.8684,15.4342,30.8684,46.3026,46.3026
L,"CST Rd Drain/Nallah, Kurla",19.0572,72.8999,0.0,0.0,0.0,0.0,0.0,0.0,0.0,0.0,0.0,0.0,0.0,0.0,0.0,0.0,0.0,0.0,0.0,0.0,0.0,0.0,0.0,0.0,0.0,64.76556,0.0,111.6721,83.754074,83.754074,111.6721,55.83605,89.560555,89.560555,0.0,59.707035,59.707035,0.0,79.51033,0.0,79.51033,0.0,0.0,140.6085,0.0,0.0,0.0,0.0,0.0,66.34265,199.02797,66.34265,88.08501,176.17001,0.0,0.0,0.0,77.73924,310.95697,0.0,0.0,0.0,0.0,0.0,0.0,0.0,0.0,0.0,0.0,0.0,0.0,0.0,0.0,0.0,0.0,0.0,0.0,0.0,0.0,0.0,0.0,169.30968,0.0,0.0,0.0,0.0,0.0,0.0,0.0,0.0,0.0,0.0,0.0,0.0,0.0,24.713285,0.0,0.0,0.0,0.0,86.25139,86.25139,0.0,0.0,0.0,0.0,0.0,0.0,23.735325,15.255274,15.255274,0.0,0.0,0.0,80.29421,0.0,60.22066,0.0,0.0,30.8684,15.4342,30.8684,46.3026,46.3026
M/E,"Shivaji Nagar, Baiganwadi",19.0566,72.9021,0.0,0.0,0.0,0.0,0.0,0.0,0.0,0.0,0.0,0.0,0.0,0.0,0.0,0.0,0.0,0.0,0.0,0.0,0.0,0.0,0.0,0.0,0.0,65.59921,0.0,120.50878,90.38158,90.38158,120.50878,30.127195,77.06584,38.53292,0.0,77.06584,77.06584,0.0,0.0,0.0,188.93456,0.0,0.0,137.8846,0.0,0.0,0.0,0.0,0.0,56.06009,224.24036,56.06009,65.27301,130.54602,0.0,0.0,65.27301,76.20512,304.82047,0.0,0.0,0.0,0.0,0.0,0.0,0.0,0.0,0.0,0.0,0.0,0.0,0.0,0.0,0.0,0.0,0.0,0.0,0.0,0.0,0.0,0.0,174.00078,0.0,0.0,0.0,0.0,0.0,0.0,0.0,0.0,0.0,0.0,0.0,0.0,0.0,0.0,0.0,0.0,0.0,0.0,97.677826,97.677826,0.0,0.0,0.0,0.0,0.0,0.0,29.473333,0.0,0.0,0.0,0.0,0.0,80.7377,0.0,80.7377,0.0,0.0,40.645374,20.322687,40.645374,40.645374,60.968063
M/E,Baiganwadi Slum,19.0524,72.9005,0.0,0.0,0.0,0.0,0.0,0.0,0.0,0.0,0.0,0.0,0.0,0.0,0.0,0.0,0.0,0.0,0.0,0.0,0.0,0.0,0.0,0.0,0.0,65.59921,0.0,120.50878,90.38158,90.38158,120.50878,30.127195,77.06584,38.53292,0.0,77.06584,77.06584,0.0,0.0,0.0,188.93456,0.0,0.0,137.8846,0.0,0.0,0.0,0.0,0.0,56.06009,224.24036,56.06009,65.27301,130.54602,0.0,0.0,65.27301,76.20512,304.82047,0.0,0.0,0.0,0.0,0.0,0.0,0.0,0.0,0.0,0.0,0.0,0.0,0.0,0.0,0.0,0.0,0.0,0.0,0.0,0.0,0.0,0.0,174.00078,0.0,0.0,0.0,0.0,0.0,0.0,0.0,0.0,0.0,0.0,0.0,0.0,0.0,0.0,0.0,0.0,0.0,0.0,97.677826,97.677826,0.0,0.0,0.0,0.0,0.0,0.0,29.473333,0.0,0.0,0.0,0.0,0.0,80.7377,0.0,80.7377,0.0,0.0,40.645374,20.322687,40.645374,40.645374,60.968063
M/E,Chembur East Bus Depot,19.0054,72.8841,0.0,0.0,0.0,0.0,0.0,0.0,0.0,0.0,0.0,0.0,0.0,0.0,0.0,0.0,0.0,0.0,0.0,0.0,0.0,0.0,0.0,0.0,0.0,80.24858,0.0,124.5557,62.27785,62.27785,124.5557,31.138926,108.30148,72.20099,0.0,72.20099,72.20099,0.0,0.0,0.0,0.0,0.0,0.0,161.24161,0.0,0.0,0.0,0.0,0.0,57.2117,228.8468,57.2117,64.196106,128.39221,0.0,0.0,128.39221,86.66875,346.675,0.0,0.0,0.0,0.0,0.0,7.2156157,0.0,0.0,0.0,0.0,0.0,0.0,7.3327446,7.512781,7.348742,7.250296,0.0,0.0,0.0,12.766578,0.0,12.989579,22.051987,14.342866,0.0,0.0,0.0,9.720178,9.306028,15.324894,9.834549,10.713787,0.0,0.0,0.0,0.0,28.910559,0.0,0.0,0.0,0.0,73.07832,97.43776,0.0,0.0,0.0,0.0,0.0,0.0,21.775932,14.353926,14.353926,0.0,0.0,0.0,70.22078,0.0,70.22078,0.0,0.0,34.214188,17.107094,34.214188,51.32128,34.214188
M/W,Mahul Village,19.0443,72.8943,0.0,0.0,0.0,0.0,0.0,0.0,0.0,0.0,0.0,0.0,0.0,0.0,0.0,0.0,0.0,0.0,0.0,0.0,0.0,0.0,0.0,0.0,0.0,80.24858,0.0,124.5557,62.27785,62.27785,124.5557,31.138926,108.30148,72.20099,0.0,72.20099,72.20099,0.0,0.0,0.0,0.0,0.0,0.0,161.24161,0.0,0.0,0.0,0.0,0.0,57.2117,228.8468,57.2117,64.196106,128.39221,0.0,0.0,128.39221,86.66875,346.675,0.0,0.0,0.0,0.0,0.0,7.2156157,0.0,0.0,0.0,0.0,0.0,0.0,7.3327446,7.512781,7.348742,7.250296,0.0,0.0,0.0,12.766578,0.0,12.989579,22.051987,14.342866,0.0,0.0,0.0,9.720178,9.306028,15.324894,9.834549,10.713787,0.0,0.0,0.0,0.0,28.910559,0.0,0.0,0.0,0.0,73.07832,97.43776,0.0,0.0,0.0,0.0,0.0,0.0,21.775932,14.353926,14.353926,0.0,0.0,0.0,70.22078,0.0,70.22078,0.0,0.0,34.214188,17.107094,34.214188,51.32128,34.214188
M/W,RC Marg Junction,19.0431,72.8995,0.0,0.0,0.0,0.0,0.0,0.0,0.0,0.0,0.0,0.0,0.0,0.0,0.0,0.0,0.0,0.0,0.0,0.0,0.0,0.0,0.0,0.0,0.0,80.24858,0.0,124.5557,62.27785,62.27785,124.5557,31.138926,108.30148,72.20099,0.0,72.20099,72.20099,0.0,0.0,0.0,0.0,0.0,0.0,161.24161,0.0,0.0,0.0,0.0,0.0,57.2117,228.8468,57.2117,64.196106,128.39221,0.0,0.0,128.39221,86.66875,346.675,0.0,0.0,0.0,0.0,0.0,7.2156157,0.0,0.0,0.0,0.0,0.0,0.0,7.3327446,7.512781,7.348742,7.250296,0.0,0.0,0.0,12.766578,0.0,12.989579,22.051987,14.342866,0.0,0.0,0.0,9.720178,9.306028,15.324894,9.834549,10.713787,0.0,0.0,0.0,0.0,28.910559,0.0,0.0,0.0,0.0,73.07832,97.43776,0.0,0.0,0.0,0.0,0.0,0.0,21.775932,14.353926,14.353926,0.0,0.0,0.0,70.22078,0.0,70.22078,0.0,0.0,34.214188,17.107094,34.214188,51.32128,34.214188
M/W,Shell Colony,19.0005,72.8873,0.0,0.0,0.0,0.0,0.0,0.0,0.0,0.0,0.0,0.0,0.0,0.0,0.0,0.0,0.0,0.0,0.0,0.0,0.0,0.0,0.0,0.0,0.0,80.24858,0.0,124.5557,62.27785,62.27785,124.5557,31.138926,108.30148,72.20099,0.0,72.20099,72.20099,0.0,0.0,0.0,0.0,0.0,0.0,161.24161,0.0,0.0,0.0,0.0,0.0,57.2117,228.8468,57.2117,64.196106,128.39221,0.0,0.0,128.39221,86.66875,346.675,0.0,0.0,0.0,0.0,0.0,7.2156157,0.0,0.0,0.0,0.0,0.0,0.0,7.3327446,7.512781,7.348742,7.250296,0.0,0.0,0.0,12.766578,0.0,12.989579,22.051987,14.342866,0.0,0.0,0.0,9.720178,9.306028,15.324894,9.834549,10.713787,0.0,0.0,0.0,0.0,28.910559,0.0,0.0,0.0,0.0,73.07832,97.43776,0.0,0.0,0.0,0.0,0.0,0.0,21.775932,14.353926,14.353926,0.0,0.0,0.0,70.22078,0.0,70.22078,0.0,0.0,34.214188,17.107094,34.214188,51.32128,34.214188
M/W,"Trombay Rd, HPCL/IOC",19.0845,72.9107,0.0,0.0,0.0,0.0,0.0,0.0,0.0,0.0,0.0,0.0,0.0,0.0,0.0,0.0,0.0,0.0,0.0,0.0,0.0,0.0,0.0,0.0,0.0,65.59921,0.0,120.50878,90.38158,90.38158,120.50878,30.127195,77.06584,38.53292,0.0,77.06584,77.06584,0.0,0.0,0.0,188.93456,0.0,0.0,137.8846,0.0,0.0,0.0,0.0,0.0,56.06009,224.24036,56.06009,65.27301,130.54602,0.0,0.0,65.27301,76.20512,304.82047,0.0,0.0,0.0,0.0,0.0,0.0,0.0,0.0,0.0,0.0,0.0,0.0,0.0,0.0,0.0,0.0,0.0,0.0,0.0,0.0,0.0,0.0,174.00078,0.0,0.0,0.0,0.0,0.0,0.0,0.0,0.0,0.0,0.0,0.0,0.0,0.0,0.0,0.0,0.0,0.0,0.0,97.677826,97.677826,0.0,0.0,0.0,0.0,0.0,0.0,29.473333,0.0,0.0,0.0,0.0,0.0,80.7377,0.0,80.7377,0.0,0.0,40.645374,20.322687,40.645374,40.645374,60.968063
N,Pant Nagar,19.0594,72.9084,0.0,0.0,0.0,0.0,0.0,0.0,0.0,0.0,0.0,0.0,0.0,0.0,0.0,0.0,0.0,0.0,0.0,0.0,0.0,0.0,0.0,0.0,0.0,65.59921,0.0,120.50878,90.38158,90.38158,120.50878,30.127195,77.06584,38.53292,0.0,77.06584,77.06584,0.0,0.0,0.0,188.93456,0.0,0.0,137.8846,0.0,0.0,0.0,0.0,0.0,56.06009,224.24036,56.06009,65.27301,130.54602,0.0,0.0,65.27301,76.20512,304.82047,0.0,0.0,0.0,0.0,0.0,0.0,0.0,0.0,0.0,0.0,0.0,0.0,0.0,0.0,0.0,0.0,0.0,0.0,0.0,0.0,0.0,0.0,174.00078,0.0,0.0,0.0,0.0,0.0,0.0,0.0,0.0,0.0,0.0,0.0,0.0,0.0,0.0,0.0,0.0,0.0,0.0,97.677826,97.677826,0.0,0.0,0.0,0.0,0.0,0.0,29.473333,0.0,0.0,0.0,0.0,0.0,80.7377,0.0,80.7377,0.0,0.0,40.645374,20.322687,40.645374,40.645374,60.968063
N,Amar Mahal Jn.,19.0898,72.9156,0.0,0.0,0.0,0.0,0.0,0.0,0.0,0.0,0.0,0.0,0.0,0.0,0.0,0.0,0.0,0.0,0.0,0.0,0.0,0.0,0.0,0.0,0.0,65.59921,0.0,120.50878,90.38158,90.38158,120.50878,30.127195,77.06584,38.53292,0.0,77.06584,77.06584,0.0,0.0,0.0,188.93456,0.0,0.0,137.8846,0.0,0.0,0.0,0.0,0.0,56.06009,224.24036,56.06009,65.27301,130.54602,0.0,0.0,65.27301,76.20512,304.82047,0.0,0.0,0.0,0.0,0.0,0.0,0.0,0.0,0.0,0.0,0.0,0.0,0.0,0.0,0.0,0.0,0.0,0.0,0.0,0.0,0.0,0.0,174.00078,0.0,0.0,0.0,0.0,0.0,0.0,0.0,0.0,0.0,0.0,0.0,0.0,0.0,0.0,0.0,0.0,0.0,0.0,97.677826,97.677826,0.0,0.0,0.0,0.0,0.0,0.0,29.473333,0.0,0.0,0.0,0.0,0.0,80.7377,0.0,80.7377,0.0,0.0,40.645374,20.322687,40.645374,40.645374,60.968063
N,RB Kadam Marg,19.1436,72.9357,0.0,0.0,0.0,0.0,0.0,0.0,0.0,0.0,0.0,0.0,0.0,0.0,0.0,0.0,0.0,0.0,0.0,0.0,0.0,0.0,0.0,0.0,0.0,23.831785,23.831785,27.526417,82.57925,110.10567,137.63208,82.57925,91.61571,45.807854,0.0,91.61571,91.61571,0.0,0.0,0.0,183.72125,0.0,0.0,0.0,0.0,0.0,0.0,0.0,0.0,0.0,192.95328,128.63551,67.58178,135.16356,0.0,0.0,67.58178,88.06863,352.2745,0.0,0.0,0.0,0.0,0.0,0.0,0.0,0.0,0.0,0.0,0.0,0.0,41.25444,0.0,0.0,0.0,0.0,0.0,0.0,0.0,0.0,0.0,108.50161,0.0,0.0,0.0,0.0,0.0,0.0,0.0,0.0,0.0,0.0,0.0,0.0,0.0,0.0,0.0,0.0,0.0,0.0,118.33815,78.89209,0.0,0.0,0.0,0.0,0.0,0.0,28.177319,0.0,0.0,0.0,0.0,0.0,81.98394,0.0,61.487957,0.0,0.0,38.08346,19.04173,38.08346,57.1252,57.1252
S,Bhandup Tank Rd,19.1413,72.9341,0.0,0.0,0.0,0.0,0.0,0.0,0.0,0.0,0.0,0.0,0.0,0.0,0.0,0.0,0.0,0.0,0.0,0.0,0.0,0.0,0.0,0.0,0.0,23.831785,23.831785,27.526417,82.57925,110.10567,137.63208,82.57925,91.61571,45.807854,0.0,91.61571,91.61571,0.0,0.0,0.0,183.72125,0.0,0.0,0.0,0.0,0.0,0.0,0.0,0.0,0.0,192.95328,128.63551,67.58178,135.16356,0.0,0.0,67.58178,88.06863,352.2745,0.0,0.0,0.0,0.0,0.0,0.0,0.0,0.0,0.0,0.0,0.0,0.0,41.25444,0.0,0.0,0.0,0.0,0.0,0.0,0.0,0.0,0.0,108.50161,0.0,0.0,0.0,0.0,0.0,0.0,0.0,0.0,0.0,0.0,0.0,0.0,0.0,0.0,0.0,0.0,0.0,0.0,118.33815,78.89209,0.0,0.0,0.0,0.0,0.0,0.0,28.177319,0.0,0.0,0.0,0.0,0.0,81.98394,0.0,61.487957,0.0,0.0,38.08346,19.04173,38.08346,57.1252,57.1252
S,"LBS Marg, Bhandup East",19.1145,72.9306,0.0,0.0,0.0,0.0,0.0,0.0,0.0,0.0,0.0,0.0,0.0,0.0,0.0,0.0,0.0,0.0,0.0,0.0,0.0,0.0,0.0,0.0,0.0,23.831785,23.831785,27.526417,82.57925,110.10567,137.63208,82.57925,91.61571,45.807854,0.0,91.61571,91.61571,0.0,0.0,0.0,183.72125,0.0,0.0,0.0,0.0,0.0,0.0,0.0,0.0,0.0,192.95328,128.63551,67.58178,135.16356,0.0,0.0,67.58178,88.06863,352.2745,0.0,0.0,0.0,0.0,0.0,0.0,0.0,0.0,0.0,0.0,0.0,0.0,41.25444,0.0,0.0,0.0,0.0,0.0,0.0,0.0,0.0,0.0,108.50161,0.0,0.0,0.0,0.0,0.0,0.0,0.0,0.0,0.0,0.0,0.0,0.0,0.0,0.0,0.0,0.0,0.0,0.0,118.33815,78.89209,0.0,0.0,0.0,0.0,0.0,0.0,28.177319,0.0,0.0,0.0,0.0,0.0,81.98394,0.0,61.487957,0.0,0.0,38.08346,19.04173,38.08346,57.1252,57.1252
S,Ganesh Nagar Slum,19.1741,72.9592,0.0,0.0,0.0,0.0,0.0,0.0,0.0,0.0,0.0,0.0,0.0,0.0,0.0,0.0,0.0,0.0,0.0,0.0,0.0,0.0,0.0,0.0,0.0,0.0,59.232147,26.289825,78.86948,78.86948,131.44913,105.1593,74.791435,112.18716,0.0,74.791435,74.791435,0.0,0.0,0.0,173.61162,0.0,0.0,0.0,0.0,0.0,0.0,0.0,0.0,97.18332,129.57776,64.78888,44.39878,133.19635,0.0,44.39878,44.39878,72.22006,288.88025,72.22006,0.0,0.0,0.0,0.0,0.0,0.0,0.0,0.0,0.0,0.0,0.0,11.398911,11.947163,7.751844,7.7598114,0.0,0.0,0.0,10.664255,0.0,10.584783,17.20829,11.780885,0.0,0.0,0.0,10.738039,9.573293,17.024696,10.999562,10.84163,0.0,0.0,0.0,0.0,0.0,0.0,0.0,0.0,0.0,79.758484,79.758484,0.0,0.0,0.0,0.0,0.0,0.0,24.379587,0.0,30.535845,0.0,0.0,0.0,74.46493,0.0,55.848694,0.0,0.0,32.40123,16.200615,48.601837,32.40123,48.601837
T,"Mehul Circle, Mulund East",19.172,72.9554,0.0,0.0,0.0,0.0,0.0,0.0,0.0,0.0,0.0,0.0,0.0,0.0,0.0,0.0,0.0,0.0,0.0,0.0,0.0,0.0,0.0,0.0,0.0,0.0,59.232147,26.289825,78.86948,78.86948,131.44913,105.1593,74.791435,112.18716,0.0,74.791435,74.791435,0.0,0.0,0.0,173.61162,0.0,0.0,0.0,0.0,0.0,0.0,0.0,0.0,97.18332,129.57776,64.78888,44.39878,133.19635,0.0,44.39878,44.39878,72.22006,288.88025,72.22006,0.0,0.0,0.0,0.0,0.0,0.0,0.0,0.0,0.0,0.0,0.0,11.398911,11.947163,7.751844,7.7598114,0.0,0.0,0.0,10.664255,0.0,10.584783,17.20829,11.780885,0.0,0.0,0.0,10.738039,9.573293,17.024696,10.999562,10.84163,0.0,0.0,0.0,0.0,0.0,0.0,0.0,0.0,0.0,79.758484,79.758484,0.0,0.0,0.0,0.0,0.0,0.0,24.379587,0.0,30.535845,0.0,0.0,0.0,74.46493,0.0,55.848694,0.0,0.0,32.40123,16.200615,48.601837,32.40123,48.601837
T,Sarojini Naidu Rd,19.1748,72.9426,0.0,0.0,0.0,0.0,0.0,0.0,0.0,0.0,0.0,0.0,0.0,0.0,0.0,0.0,0.0,0.0,0.0,0.0,0.0,0.0,0.0,0.0,0.0,0.0,52.96518,47.994087,71.99113,71.99113,119.98521,119.98521,112.153145,74.76876,0.0,74.76876,74.76876,0.0,0.0,0.0,171.81548,0.0,0.0,0.0,0.0,0.0,0.0,0.0,0.0,123.52322,123.52322,82.34881,57.91737,173.7521,0.0,0.0,57.91737,68.99334,275.97336,68.99334,0.0,0.0,0.0,0.0,0.0,0.0,0.0,0.0,0.0,0.0,6.5611258,9.90374,10.405229,0.0,0.0,0.0,0.0,0.0,12.441885,0.0,12.31763,20.656937,13.740011,0.0,0.0,0.0,8.782659,8.107118,14.391339,9.21549,9.081804,0.0,0.0,0.0,0.0,0.0,0.0,0.0,0.0,0.0,87.51759,87.51759,0.0,0.0,0.0,0.0,0.0,0.0,25.116371,0.0,27.347881,0.0,0.0,0.0,81.62383,0.0,61.217876,0.0,0.0,35.943977,17.971989,53.91597,35.943977,53.91597
T,Lok Rachana CHS,19.1735,72.9478,0.0,0.0,0.0,0.0,0.0,0.0,0.0,0.0,0.0,0.0,0.0,0.0,0.0,0.0,0.0,0.0,0.0,0.0,0.0,0.0,0.0,0.0,0.0,0.0,52.96518,47.994087,71.99113,71.99113,119.98521,119.98521,112.153145,74.76876,0.0,74.76876,74.76876,0.0,0.0,0.0,171.81548,0.0,0.0,0.0,0.0,0.0,0.0,0.0,0.0,123.52322,123.52322,82.34881,57.91737,173.7521,0.0,0.0,57.91737,68.99334,275.97336,68.99334,0.0,0.0,0.0,0.0,0.0,0.0,0.0,0.0,0.0,0.0,6.5611258,9.90374,10.405229,0.0,0.0,0.0,0.0,0.0,12.441885,0.0,12.31763,20.656937,13.740011,0.0,0.0,0.0,8.782659,8.107118,14.391339,9.21549,9.081804,0.0,0.0,0.0,0.0,0.0,0.0,0.0,0.0,0.0,87.51759,87.51759,0.0,0.0,0.0,0.0,0.0,0.0,25.116371,0.0,27.347881,0.0,0.0,0.0,81.62383,0.0,61.217876,0.0,0.0,35.943977,17.971989,53.91597,35.943977,53.91597
T,Panch Rasta Junction,19.1728,72.9473,0.0,0.0,0.0,0.0,0.0,0.0,0.0,0.0,0.0,0.0,0.0,0.0,0.0,0.0,0.0,0.0,0.0,0.0,0.0,0.0,0.0,0.0,0.0,0.0,52.96518,47.994087,71.99113,71.99113,119.98521,119.98521,112.153145,74.76876,0.0,74.76876,74.76876,0.0,0.0,0.0,171.81548,0.0,0.0,0.0,0.0,0.0,0.0,0.0,0.0,123.52322,123.52322,82.34881,57.91737,173.7521,0.0,0.0,57.91737,68.99334,275.97336,68.99334,0.0,0.0,0.0,0.0,0.0,0.0,0.0,0.0,0.0,0.0,6.5611258,9.90374,10.405229,0.0,0.0,0.0,0.0,0.0,12.441885,0.0,12.31763,20.656937,13.740011,0.0,0.0,0.0,8.782659,8.107118,14.391339,9.21549,9.081804,0.0,0.0,0.0,0.0,0.0,0.0,0.0,0.0,0.0,87.51759,87.51759,0.0,0.0,0.0,0.0,0.0,0.0,25.116371,0.0,27.347881,0.0,0.0,0.0,81.62383,0.0,61.217876,0.0,0.0,35.943977,17.971989,53.91597,35.943977,53.91597
T,Mulund Station Subway,19.1728,72.9473,0.0,0.0,0.0,0.0,0.0,0.0,0.0,0.0,0.0,0.0,0.0,0.0,0.0,0.0,0.0,0.0,0.0,0.0,0.0,0.0,0.0,0.0,0.0,0.0,52.96518,47.994087,71.99113,71.99113,119.98521,119.98521,112.153145,74.76876,0.0,74.76876,74.76876,0.0,0.0,0.0,171.81548,0.0,0.0,0.0,0.0,0.0,0.0,0.0,0.0,123.52322,123.52322,82.34881,57.91737,173.7521,0.0,0.0,57.91737,68.99334,275.97336,68.99334,0.0,0.0,0.0,0.0,0.0,0.0,0.0,0.0,0.0,0.0,6.5611258,9.90374,10.405229,0.0,0.0,0.0,0.0,0.0,12.441885,0.0,12.31763,20.656937,13.740011,0.0,0.0,0.0,8.782659,8.107118,14.391339,9.21549,9.081804,0.0,0.0,0.0,0.0,0.0,0.0,0.0,0.0,0.0,87.51759,87.51759,0.0,0.0,0.0,0.0,0.0,0.0,25.116371,0.0,27.347881,0.0,0.0,0.0,81.62383,0.0,61.217876,0.0,0.0,35.943977,17.971989,53.91597,35.943977,53.91597
